""	"x"
"1"	"ENSG00000223764"
"2"	"ENSG00000188157"
"3"	"ENSG00000160087"
"4"	"ENSG00000131584"
"5"	"ENSG00000107404"
"6"	"ENSG00000157870"
"7"	"ENSG00000130762"
"8"	"ENSG00000198912"
"9"	"ENSG00000116251"
"10"	"ENSG00000187017"
"11"	"ENSG00000116273"
"12"	"ENSG00000049246"
"13"	"ENSG00000049249"
"14"	"ENSG00000171621"
"15"	"ENSG00000160049"
"16"	"ENSG00000116661"
"17"	"ENSG00000132906"
"18"	"ENSG00000065526"
"19"	"ENSG00000173641"
"20"	"ENSG00000185519"
"21"	"ENSG00000159363"
"22"	"ENSG00000162545"
"23"	"ENSG00000244038"
"24"	"ENSG00000127483"
"25"	"ENSG00000076864"
"26"	"ENSG00000142798"
"27"	"ENSG00000179546"
"28"	"ENSG00000117305"
"29"	"ENSG00000142669"
"30"	"ENSG00000158246"
"31"	"ENSG00000090020"
"32"	"ENSG00000142733"
"33"	"ENSG00000158195"
"34"	"ENSG00000126705"
"35"	"ENSG00000117748"
"36"	"ENSG00000130770"
"37"	"ENSG00000180198"
"38"	"ENSG00000242125"
"39"	"ENSG00000188060"
"40"	"ENSG00000162419"
"41"	"ENSG00000142910"
"42"	"ENSG00000084636"
"43"	"ENSG00000121753"
"44"	"ENSG00000134668"
"45"	"ENSG00000160051"
"46"	"ENSG00000175130"
"47"	"ENSG00000162520"
"48"	"ENSG00000162522"
"49"	"ENSG00000116514"
"50"	"ENSG00000004455"
"51"	"ENSG00000134698"
"52"	"ENSG00000092847"
"53"	"ENSG00000116863"
"54"	"ENSG00000054118"
"55"	"ENSG00000214193"
"56"	"ENSG00000163874"
"57"	"ENSG00000134697"
"58"	"ENSG00000214114"
"59"	"ENSG00000174574"
"60"	"ENSG00000127603"
"61"	"ENSG00000084072"
"62"	"ENSG00000084073"
"63"	"ENSG00000272145"
"64"	"ENSG00000179862"
"65"	"ENSG00000171793"
"66"	"ENSG00000164011"
"67"	"ENSG00000117394"
"68"	"ENSG00000227533"
"69"	"ENSG00000117399"
"70"	"ENSG00000066322"
"71"	"ENSG00000196517"
"72"	"ENSG00000199377"
"73"	"ENSG00000142945"
"74"	"ENSG00000162415"
"75"	"ENSG00000186603"
"76"	"ENSG00000132781"
"77"	"ENSG00000159592"
"78"	"ENSG00000159596"
"79"	"ENSG00000197429"
"80"	"ENSG00000237424"
"81"	"ENSG00000123080"
"82"	"ENSG00000157077"
"83"	"ENSG00000116171"
"84"	"ENSG00000157184"
"85"	"ENSG00000081870"
"86"	"ENSG00000116212"
"87"	"ENSG00000162390"
"88"	"ENSG00000132849"
"89"	"ENSG00000079739"
"90"	"ENSG00000162437"
"91"	"ENSG00000162434"
"92"	"ENSG00000162433"
"93"	"ENSG00000116678"
"94"	"ENSG00000116717"
"95"	"ENSG00000024526"
"96"	"ENSG00000066557"
"97"	"ENSG00000118454"
"98"	"ENSG00000116761"
"99"	"ENSG00000132485"
"100"	"ENSG00000162623"
"101"	"ENSG00000117054"
"102"	"ENSG00000142892"
"103"	"ENSG00000036549"
"104"	"ENSG00000077254"
"105"	"ENSG00000162613"
"106"	"ENSG00000137959"
"107"	"ENSG00000137965"
"108"	"ENSG00000117151"
"109"	"ENSG00000153904"
"110"	"ENSG00000142871"
"111"	"ENSG00000153936"
"112"	"ENSG00000117226"
"113"	"ENSG00000122482"
"114"	"ENSG00000069702"
"115"	"ENSG00000174842"
"116"	"ENSG00000122483"
"117"	"ENSG00000137936"
"118"	"ENSG00000023909"
"119"	"ENSG00000117525"
"120"	"ENSG00000172339"
"121"	"ENSG00000117620"
"122"	"ENSG00000137992"
"123"	"ENSG00000162694"
"124"	"ENSG00000134215"
"125"	"ENSG00000162636"
"126"	"ENSG00000116266"
"127"	"ENSG00000121957"
"128"	"ENSG00000134222"
"129"	"ENSG00000134243"
"130"	"ENSG00000143028"
"131"	"ENSG00000181754"
"132"	"ENSG00000168765"
"133"	"ENSG00000168710"
"134"	"ENSG00000258634"
"135"	"ENSG00000121931"
"136"	"ENSG00000143079"
"137"	"ENSG00000155363"
"138"	"ENSG00000052723"
"139"	"ENSG00000116815"
"140"	"ENSG00000143061"
"141"	"ENSG00000198162"
"142"	"ENSG00000143067"
"143"	"ENSG00000265808"
"144"	"ENSG00000270872"
"145"	"ENSG00000207205"
"146"	"ENSG00000277918"
"147"	"ENSG00000276216"
"148"	"ENSG00000162825"
"149"	"ENSG00000174827"
"150"	"ENSG00000265491"
"151"	"ENSG00000186141"
"152"	"ENSG00000271601"
"153"	"ENSG00000265972"
"154"	"ENSG00000201558"
"155"	"ENSG00000131778"
"156"	"ENSG00000116128"
"157"	"ENSG00000274210"
"158"	"ENSG00000183598"
"159"	"ENSG00000184678"
"160"	"ENSG00000117360"
"161"	"ENSG00000163125"
"162"	"ENSG00000143369"
"163"	"ENSG00000143382"
"164"	"ENSG00000143384"
"165"	"ENSG00000143437"
"166"	"ENSG00000143418"
"167"	"ENSG00000143458"
"168"	"ENSG00000163159"
"169"	"ENSG00000143398"
"170"	"ENSG00000159352"
"171"	"ENSG00000143373"
"172"	"ENSG00000143393"
"173"	"ENSG00000143390"
"174"	"ENSG00000143442"
"175"	"ENSG00000143375"
"176"	"ENSG00000143367"
"177"	"ENSG00000143436"
"178"	"ENSG00000197747"
"179"	"ENSG00000163191"
"180"	"ENSG00000197956"
"181"	"ENSG00000188643"
"182"	"ENSG00000169418"
"183"	"ENSG00000143624"
"184"	"ENSG00000143554"
"185"	"ENSG00000143543"
"186"	"ENSG00000143549"
"187"	"ENSG00000160710"
"188"	"ENSG00000160691"
"189"	"ENSG00000173207"
"190"	"ENSG00000160685"
"191"	"ENSG00000232093"
"192"	"ENSG00000169242"
"193"	"ENSG00000185499"
"194"	"ENSG00000173171"
"195"	"ENSG00000116521"
"196"	"ENSG00000160753"
"197"	"ENSG00000116539"
"198"	"ENSG00000163374"
"199"	"ENSG00000116584"
"200"	"ENSG00000160803"
"201"	"ENSG00000160789"
"202"	"ENSG00000160783"
"203"	"ENSG00000198952"
"204"	"ENSG00000163468"
"205"	"ENSG00000116604"
"206"	"ENSG00000183856"
"207"	"ENSG00000160818"
"208"	"ENSG00000143319"
"209"	"ENSG00000143321"
"210"	"ENSG00000143294"
"211"	"ENSG00000027869"
"212"	"ENSG00000132694"
"213"	"ENSG00000117036"
"214"	"ENSG00000183853"
"215"	"ENSG00000163565"
"216"	"ENSG00000158710"
"217"	"ENSG00000085552"
"218"	"ENSG00000224259"
"219"	"ENSG00000143315"
"220"	"ENSG00000162729"
"221"	"ENSG00000162734"
"222"	"ENSG00000132716"
"223"	"ENSG00000162735"
"224"	"ENSG00000162736"
"225"	"ENSG00000143222"
"226"	"ENSG00000143258"
"227"	"ENSG00000158850"
"228"	"ENSG00000158859"
"229"	"ENSG00000143252"
"230"	"ENSG00000081721"
"231"	"ENSG00000118217"
"232"	"ENSG00000198929"
"233"	"ENSG00000239887"
"234"	"ENSG00000152332"
"235"	"ENSG00000143228"
"236"	"ENSG00000143157"
"237"	"ENSG00000152382"
"238"	"ENSG00000143190"
"239"	"ENSG00000143158"
"240"	"ENSG00000213064"
"241"	"ENSG00000143153"
"242"	"ENSG00000000460"
"243"	"ENSG00000075945"
"244"	"ENSG00000120370"
"245"	"ENSG00000010165"
"246"	"ENSG00000094975"
"247"	"ENSG00000076321"
"248"	"ENSG00000120334"
"249"	"ENSG00000234741"
"250"	"ENSG00000135870"
"251"	"ENSG00000116161"
"252"	"ENSG00000235750"
"253"	"ENSG00000143207"
"254"	"ENSG00000075391"
"255"	"ENSG00000116191"
"256"	"ENSG00000116199"
"257"	"ENSG00000143322"
"258"	"ENSG00000169905"
"259"	"ENSG00000143337"
"260"	"ENSG00000135837"
"261"	"ENSG00000230124"
"262"	"ENSG00000153029"
"263"	"ENSG00000162783"
"264"	"ENSG00000135828"
"265"	"ENSG00000135838"
"266"	"ENSG00000135829"
"267"	"ENSG00000135862"
"268"	"ENSG00000116698"
"269"	"ENSG00000116701"
"270"	"ENSG00000162704"
"271"	"ENSG00000116406"
"272"	"ENSG00000135842"
"273"	"ENSG00000116668"
"274"	"ENSG00000116679"
"275"	"ENSG00000116690"
"276"	"ENSG00000073756"
"277"	"ENSG00000116711"
"278"	"ENSG00000116741"
"279"	"ENSG00000134371"
"280"	"ENSG00000066279"
"281"	"ENSG00000177888"
"282"	"ENSG00000151414"
"283"	"ENSG00000203721"
"284"	"ENSG00000162702"
"285"	"ENSG00000118193"
"286"	"ENSG00000118197"
"287"	"ENSG00000118200"
"288"	"ENSG00000174307"
"289"	"ENSG00000159176"
"290"	"ENSG00000163435"
"291"	"ENSG00000077157"
"292"	"ENSG00000117139"
"293"	"ENSG00000159348"
"294"	"ENSG00000159388"
"295"	"ENSG00000058668"
"296"	"ENSG00000182004"
"297"	"ENSG00000143842"
"298"	"ENSG00000158615"
"299"	"ENSG00000133056"
"300"	"ENSG00000170382"
"301"	"ENSG00000117222"
"302"	"ENSG00000163545"
"303"	"ENSG00000158711"
"304"	"ENSG00000158715"
"305"	"ENSG00000117280"
"306"	"ENSG00000133065"
"307"	"ENSG00000266028"
"308"	"ENSG00000263528"
"309"	"ENSG00000266094"
"310"	"ENSG00000143486"
"311"	"ENSG00000143479"
"312"	"ENSG00000162889"
"313"	"ENSG00000123836"
"314"	"ENSG00000180667"
"315"	"ENSG00000123843"
"316"	"ENSG00000196352"
"317"	"ENSG00000076356"
"318"	"ENSG00000196878"
"319"	"ENSG00000117597"
"320"	"ENSG00000082497"
"321"	"ENSG00000082512"
"322"	"ENSG00000170385"
"323"	"ENSG00000227764"
"324"	"ENSG00000117650"
"325"	"ENSG00000123684"
"326"	"ENSG00000143493"
"327"	"ENSG00000066027"
"328"	"ENSG00000162769"
"329"	"ENSG00000136643"
"330"	"ENSG00000143499"
"331"	"ENSG00000152104"
"332"	"ENSG00000117724"
"333"	"ENSG00000136636"
"334"	"ENSG00000162813"
"335"	"ENSG00000118873"
"336"	"ENSG00000186205"
"337"	"ENSG00000154305"
"338"	"ENSG00000162819"
"339"	"ENSG00000228106"
"340"	"ENSG00000154309"
"341"	"ENSG00000162909"
"342"	"ENSG00000143514"
"343"	"ENSG00000143756"
"344"	"ENSG00000143753"
"345"	"ENSG00000143748"
"346"	"ENSG00000185842"
"347"	"ENSG00000143815"
"348"	"ENSG00000154380"
"349"	"ENSG00000143819"
"350"	"ENSG00000182827"
"351"	"ENSG00000143799"
"352"	"ENSG00000143801"
"353"	"ENSG00000143776"
"354"	"ENSG00000143740"
"355"	"ENSG00000276255"
"356"	"ENSG00000181873"
"357"	"ENSG00000154358"
"358"	"ENSG00000181218"
"359"	"ENSG00000196890"
"360"	"ENSG00000168159"
"361"	"ENSG00000116574"
"362"	"ENSG00000154429"
"363"	"ENSG00000069248"
"364"	"ENSG00000135763"
"365"	"ENSG00000177614"
"366"	"ENSG00000135775"
"367"	"ENSG00000116906"
"368"	"ENSG00000135766"
"369"	"ENSG00000116991"
"370"	"ENSG00000135778"
"371"	"ENSG00000143674"
"372"	"ENSG00000135750"
"373"	"ENSG00000183780"
"374"	"ENSG00000168275"
"375"	"ENSG00000059588"
"376"	"ENSG00000168264"
"377"	"ENSG00000280587"
"378"	"ENSG00000054267"
"379"	"ENSG00000116957"
"380"	"ENSG00000162885"
"381"	"ENSG00000143669"
"382"	"ENSG00000119285"
"383"	"ENSG00000116984"
"384"	"ENSG00000198626"
"385"	"ENSG00000155816"
"386"	"ENSG00000054277"
"387"	"ENSG00000174371"
"388"	"ENSG00000143702"
"389"	"ENSG00000035687"
"390"	"ENSG00000121644"
"391"	"ENSG00000203666"
"392"	"ENSG00000162851"
"393"	"ENSG00000143653"
"394"	"ENSG00000153207"
"395"	"ENSG00000175137"
"396"	"ENSG00000171161"
"397"	"ENSG00000185220"
"398"	"ENSG00000130508"
"399"	"ENSG00000182551"
"400"	"ENSG00000115738"
"401"	"ENSG00000134318"
"402"	"ENSG00000134324"
"403"	"ENSG00000178295"
"404"	"ENSG00000119778"
"405"	"ENSG00000163026"
"406"	"ENSG00000115128"
"407"	"ENSG00000138031"
"408"	"ENSG00000084710"
"409"	"ENSG00000115163"
"410"	"ENSG00000138074"
"411"	"ENSG00000171174"
"412"	"ENSG00000158019"
"413"	"ENSG00000075426"
"414"	"ENSG00000115295"
"415"	"ENSG00000152683"
"416"	"ENSG00000018699"
"417"	"ENSG00000008869"
"418"	"ENSG00000119787"
"419"	"ENSG00000143889"
"420"	"ENSG00000115904"
"421"	"ENSG00000231312"
"422"	"ENSG00000162878"
"423"	"ENSG00000152518"
"424"	"ENSG00000152527"
"425"	"ENSG00000119729"
"426"	"ENSG00000068724"
"427"	"ENSG00000236824"
"428"	"ENSG00000068878"
"429"	"ENSG00000275052"
"430"	"ENSG00000115380"
"431"	"ENSG00000028116"
"432"	"ENSG00000115392"
"433"	"ENSG00000162924"
"434"	"ENSG00000014641"
"435"	"ENSG00000169764"
"436"	"ENSG00000119862"
"437"	"ENSG00000011523"
"438"	"ENSG00000198369"
"439"	"ENSG00000243667"
"440"	"ENSG00000169604"
"441"	"ENSG00000115977"
"442"	"ENSG00000196975"
"443"	"ENSG00000035141"
"444"	"ENSG00000075292"
"445"	"ENSG00000135636"
"446"	"ENSG00000003137"
"447"	"ENSG00000144036"
"448"	"ENSG00000144040"
"449"	"ENSG00000163013"
"450"	"ENSG00000187605"
"451"	"ENSG00000115307"
"452"	"ENSG00000115325"
"453"	"ENSG00000115350"
"454"	"ENSG00000115363"
"455"	"ENSG00000270696"
"456"	"ENSG00000186854"
"457"	"ENSG00000168874"
"458"	"ENSG00000115548"
"459"	"ENSG00000153561"
"460"	"ENSG00000172071"
"461"	"ENSG00000115041"
"462"	"ENSG00000115042"
"463"	"ENSG00000144028"
"464"	"ENSG00000114982"
"465"	"ENSG00000168763"
"466"	"ENSG00000168758"
"467"	"ENSG00000144199"
"468"	"ENSG00000196872"
"469"	"ENSG00000115539"
"470"	"ENSG00000170485"
"471"	"ENSG00000204634"
"472"	"ENSG00000163162"
"473"	"ENSG00000071054"
"474"	"ENSG00000135974"
"475"	"ENSG00000115641"
"476"	"ENSG00000169756"
"477"	"ENSG00000172985"
"478"	"ENSG00000198142"
"479"	"ENSG00000169679"
"480"	"ENSG00000172965"
"481"	"ENSG00000224959"
"482"	"ENSG00000188177"
"483"	"ENSG00000114999"
"484"	"ENSG00000144136"
"485"	"ENSG00000169607"
"486"	"ENSG00000125637"
"487"	"ENSG00000125629"
"488"	"ENSG00000115107"
"489"	"ENSG00000171227"
"490"	"ENSG00000136717"
"491"	"ENSG00000169967"
"492"	"ENSG00000163166"
"493"	"ENSG00000136709"
"494"	"ENSG00000144233"
"495"	"ENSG00000136731"
"496"	"ENSG00000136002"
"497"	"ENSG00000183840"
"498"	"ENSG00000121966"
"499"	"ENSG00000168702"
"500"	"ENSG00000115919"
"501"	"ENSG00000135999"
"502"	"ENSG00000187123"
"503"	"ENSG00000115963"
"504"	"ENSG00000123609"
"505"	"ENSG00000162980"
"506"	"ENSG00000115145"
"507"	"ENSG00000115271"
"508"	"ENSG00000082438"
"509"	"ENSG00000152253"
"510"	"ENSG00000213160"
"511"	"ENSG00000144357"
"512"	"ENSG00000071967"
"513"	"ENSG00000152256"
"514"	"ENSG00000172845"
"515"	"ENSG00000115935"
"516"	"ENSG00000144320"
"517"	"ENSG00000128713"
"518"	"ENSG00000128710"
"519"	"ENSG00000128709"
"520"	"ENSG00000170144"
"521"	"ENSG00000116044"
"522"	"ENSG00000196659"
"523"	"ENSG00000079156"
"524"	"ENSG00000079150"
"525"	"ENSG00000138434"
"526"	"ENSG00000138448"
"527"	"ENSG00000128694"
"528"	"ENSG00000128699"
"529"	"ENSG00000064933"
"530"	"ENSG00000151690"
"531"	"ENSG00000284052"
"532"	"ENSG00000138386"
"533"	"ENSG00000115419"
"534"	"ENSG00000196950"
"535"	"ENSG00000138411"
"536"	"ENSG00000163535"
"537"	"ENSG00000138356"
"538"	"ENSG00000082153"
"539"	"ENSG00000013441"
"540"	"ENSG00000155755"
"541"	"ENSG00000116030"
"542"	"ENSG00000138443"
"543"	"ENSG00000173166"
"544"	"ENSG00000183671"
"545"	"ENSG00000118263"
"546"	"ENSG00000138413"
"547"	"ENSG00000197713"
"548"	"ENSG00000115365"
"549"	"ENSG00000144451"
"550"	"ENSG00000279348"
"551"	"ENSG00000260804"
"552"	"ENSG00000079308"
"553"	"ENSG00000163466"
"554"	"ENSG00000115596"
"555"	"ENSG00000127824"
"556"	"ENSG00000123992"
"557"	"ENSG00000072195"
"558"	"ENSG00000124006"
"559"	"ENSG00000085449"
"560"	"ENSG00000135919"
"561"	"ENSG00000135905"
"562"	"ENSG00000081052"
"563"	"ENSG00000169031"
"564"	"ENSG00000153823"
"565"	"ENSG00000185404"
"566"	"ENSG00000067066"
"567"	"ENSG00000163283"
"568"	"ENSG00000237412"
"569"	"ENSG00000066248"
"570"	"ENSG00000077044"
"571"	"ENSG00000085982"
"572"	"ENSG00000157985"
"573"	"ENSG00000124831"
"574"	"ENSG00000065802"
"575"	"ENSG00000068024"
"576"	"ENSG00000063660"
"577"	"ENSG00000168385"
"578"	"ENSG00000150995"
"579"	"ENSG00000134107"
"580"	"ENSG00000134109"
"581"	"ENSG00000125046"
"582"	"ENSG00000196220"
"583"	"ENSG00000163701"
"584"	"ENSG00000163703"
"585"	"ENSG00000144554"
"586"	"ENSG00000134086"
"587"	"ENSG00000132170"
"588"	"ENSG00000132182"
"589"	"ENSG00000163520"
"590"	"ENSG00000170876"
"591"	"ENSG00000154767"
"592"	"ENSG00000225733"
"593"	"ENSG00000131373"
"594"	"ENSG00000154822"
"595"	"ENSG00000114166"
"596"	"ENSG00000174738"
"597"	"ENSG00000033867"
"598"	"ENSG00000144642"
"599"	"ENSG00000152642"
"600"	"ENSG00000144635"
"601"	"ENSG00000153560"
"602"	"ENSG00000163539"
"603"	"ENSG00000178567"
"604"	"ENSG00000076242"
"605"	"ENSG00000144655"
"606"	"ENSG00000168036"
"607"	"ENSG00000011198"
"608"	"ENSG00000185219"
"609"	"ENSG00000163807"
"610"	"ENSG00000249992"
"611"	"ENSG00000178038"
"612"	"ENSG00000181555"
"613"	"ENSG00000164045"
"614"	"ENSG00000164050"
"615"	"ENSG00000164051"
"616"	"ENSG00000232112"
"617"	"ENSG00000114268"
"618"	"ENSG00000225697"
"619"	"ENSG00000177479"
"620"	"ENSG00000178467"
"621"	"ENSG00000178149"
"622"	"ENSG00000172037"
"623"	"ENSG00000177352"
"624"	"ENSG00000233276"
"625"	"ENSG00000145022"
"626"	"ENSG00000164062"
"627"	"ENSG00000001617"
"628"	"ENSG00000012171"
"629"	"ENSG00000186792"
"630"	"ENSG00000088538"
"631"	"ENSG00000145050"
"632"	"ENSG00000145041"
"633"	"ENSG00000090097"
"634"	"ENSG00000247596"
"635"	"ENSG00000163939"
"636"	"ENSG00000163933"
"637"	"ENSG00000163931"
"638"	"ENSG00000114251"
"639"	"ENSG00000163681"
"640"	"ENSG00000144749"
"641"	"ENSG00000144747"
"642"	"ENSG00000187098"
"643"	"ENSG00000163602"
"644"	"ENSG00000172986"
"645"	"ENSG00000144815"
"646"	"ENSG00000196776"
"647"	"ENSG00000198919"
"648"	"ENSG00000144824"
"649"	"ENSG00000114573"
"650"	"ENSG00000178075"
"651"	"ENSG00000163617"
"652"	"ENSG00000114023"
"653"	"ENSG00000163840"
"654"	"ENSG00000206527"
"655"	"ENSG00000221955"
"656"	"ENSG00000241288"
"657"	"ENSG00000114544"
"658"	"ENSG00000070476"
"659"	"ENSG00000163870"
"660"	"ENSG00000177646"
"661"	"ENSG00000181789"
"662"	"ENSG00000172765"
"663"	"ENSG00000114670"
"664"	"ENSG00000261167"
"665"	"ENSG00000114019"
"666"	"ENSG00000114054"
"667"	"ENSG00000118007"
"668"	"ENSG00000174564"
"669"	"ENSG00000183770"
"670"	"ENSG00000114120"
"671"	"ENSG00000177311"
"672"	"ENSG00000069849"
"673"	"ENSG00000114126"
"674"	"ENSG00000120756"
"675"	"ENSG00000152952"
"676"	"ENSG00000071794"
"677"	"ENSG00000169908"
"678"	"ENSG00000018408"
"679"	"ENSG00000114744"
"680"	"ENSG00000196428"
"681"	"ENSG00000120742"
"682"	"ENSG00000152601"
"683"	"ENSG00000114850"
"684"	"ENSG00000163659"
"685"	"ENSG00000079257"
"686"	"ENSG00000113810"
"687"	"ENSG00000163558"
"688"	"ENSG00000163584"
"689"	"ENSG00000075651"
"690"	"ENSG00000172667"
"691"	"ENSG00000058056"
"692"	"ENSG00000163872"
"693"	"ENSG00000175166"
"694"	"ENSG00000114859"
"695"	"ENSG00000177383"
"696"	"ENSG00000073803"
"697"	"ENSG00000163898"
"698"	"ENSG00000073792"
"699"	"ENSG00000113838"
"700"	"ENSG00000156976"
"701"	"ENSG00000232233"
"702"	"ENSG00000073849"
"703"	"ENSG00000145012"
"704"	"ENSG00000180611"
"705"	"ENSG00000198836"
"706"	"ENSG00000214145"
"707"	"ENSG00000184203"
"708"	"ENSG00000163960"
"709"	"ENSG00000114503"
"710"	"ENSG00000270170"
"711"	"ENSG00000122068"
"712"	"ENSG00000185621"
"713"	"ENSG00000249592"
"714"	"ENSG00000127418"
"715"	"ENSG00000168936"
"716"	"ENSG00000013810"
"717"	"ENSG00000185818"
"718"	"ENSG00000123933"
"719"	"ENSG00000163132"
"720"	"ENSG00000163993"
"721"	"ENSG00000196526"
"722"	"ENSG00000125089"
"723"	"ENSG00000071127"
"724"	"ENSG00000038219"
"725"	"ENSG00000137449"
"726"	"ENSG00000048342"
"727"	"ENSG00000163257"
"728"	"ENSG00000109805"
"729"	"ENSG00000109819"
"730"	"ENSG00000109618"
"731"	"ENSG00000169851"
"732"	"ENSG00000261761"
"733"	"ENSG00000174130"
"734"	"ENSG00000157796"
"735"	"ENSG00000163683"
"736"	"ENSG00000078177"
"737"	"ENSG00000064042"
"738"	"ENSG00000109133"
"739"	"ENSG00000014824"
"740"	"ENSG00000145246"
"741"	"ENSG00000145242"
"742"	"ENSG00000163738"
"743"	"ENSG00000138758"
"744"	"ENSG00000138767"
"745"	"ENSG00000138772"
"746"	"ENSG00000138674"
"747"	"ENSG00000251022"
"748"	"ENSG00000189308"
"749"	"ENSG00000138663"
"750"	"ENSG00000145287"
"751"	"ENSG00000173085"
"752"	"ENSG00000173083"
"753"	"ENSG00000118777"
"754"	"ENSG00000138641"
"755"	"ENSG00000138640"
"756"	"ENSG00000145335"
"757"	"ENSG00000138696"
"758"	"ENSG00000145331"
"759"	"ENSG00000109270"
"760"	"ENSG00000138814"
"761"	"ENSG00000109320"
"762"	"ENSG00000164039"
"763"	"ENSG00000138778"
"764"	"ENSG00000145348"
"765"	"ENSG00000138801"
"766"	"ENSG00000138796"
"767"	"ENSG00000164089"
"768"	"ENSG00000005059"
"769"	"ENSG00000123739"
"770"	"ENSG00000138798"
"771"	"ENSG00000170522"
"772"	"ENSG00000174749"
"773"	"ENSG00000138658"
"774"	"ENSG00000145349"
"775"	"ENSG00000145390"
"776"	"ENSG00000145386"
"777"	"ENSG00000164056"
"778"	"ENSG00000151458"
"779"	"ENSG00000179387"
"780"	"ENSG00000109436"
"781"	"ENSG00000170153"
"782"	"ENSG00000151611"
"783"	"ENSG00000170390"
"784"	"ENSG00000137460"
"785"	"ENSG00000109738"
"786"	"ENSG00000171509"
"787"	"ENSG00000205208"
"788"	"ENSG00000171497"
"789"	"ENSG00000038295"
"790"	"ENSG00000129116"
"791"	"ENSG00000145439"
"792"	"ENSG00000154447"
"793"	"ENSG00000109586"
"794"	"ENSG00000218336"
"795"	"ENSG00000164306"
"796"	"ENSG00000151726"
"797"	"ENSG00000154556"
"798"	"ENSG00000164342"
"799"	"ENSG00000249915"
"800"	"ENSG00000225138"
"801"	"ENSG00000271781"
"802"	"ENSG00000188818"
"803"	"ENSG00000028310"
"804"	"ENSG00000145506"
"805"	"ENSG00000113504"
"806"	"ENSG00000049656"
"807"	"ENSG00000153395"
"808"	"ENSG00000145494"
"809"	"ENSG00000164151"
"810"	"ENSG00000133398"
"811"	"ENSG00000037474"
"812"	"ENSG00000112941"
"813"	"ENSG00000150753"
"814"	"ENSG00000145495"
"815"	"ENSG00000164236"
"816"	"ENSG00000112977"
"817"	"ENSG00000039139"
"818"	"ENSG00000038382"
"819"	"ENSG00000145569"
"820"	"ENSG00000154124"
"821"	"ENSG00000145555"
"822"	"ENSG00000176788"
"823"	"ENSG00000215196"
"824"	"ENSG00000279107"
"825"	"ENSG00000040731"
"826"	"ENSG00000113384"
"827"	"ENSG00000150712"
"828"	"ENSG00000056097"
"829"	"ENSG00000113389"
"830"	"ENSG00000168685"
"831"	"ENSG00000145604"
"832"	"ENSG00000079215"
"833"	"ENSG00000164190"
"834"	"ENSG00000082068"
"835"	"ENSG00000164318"
"836"	"ENSG00000145623"
"837"	"ENSG00000164327"
"838"	"ENSG00000171522"
"839"	"ENSG00000172262"
"840"	"ENSG00000112972"
"841"	"ENSG00000151881"
"842"	"ENSG00000172239"
"843"	"ENSG00000248092"
"844"	"ENSG00000112992"
"845"	"ENSG00000213949"
"846"	"ENSG00000164171"
"847"	"ENSG00000134352"
"848"	"ENSG00000145632"
"849"	"ENSG00000113448"
"850"	"ENSG00000130449"
"851"	"ENSG00000049192"
"852"	"ENSG00000197860"
"853"	"ENSG00000069020"
"854"	"ENSG00000134057"
"855"	"ENSG00000280187"
"856"	"ENSG00000153044"
"857"	"ENSG00000134058"
"858"	"ENSG00000049883"
"859"	"ENSG00000083312"
"860"	"ENSG00000214944"
"861"	"ENSG00000113161"
"862"	"ENSG00000164252"
"863"	"ENSG00000164253"
"864"	"ENSG00000085365"
"865"	"ENSG00000152409"
"866"	"ENSG00000164300"
"867"	"ENSG00000228716"
"868"	"ENSG00000113391"
"869"	"ENSG00000185261"
"870"	"ENSG00000133302"
"871"	"ENSG00000198677"
"872"	"ENSG00000164292"
"873"	"ENSG00000164307"
"874"	"ENSG00000112874"
"875"	"ENSG00000145743"
"876"	"ENSG00000151422"
"877"	"ENSG00000134987"
"878"	"ENSG00000171444"
"879"	"ENSG00000134970"
"880"	"ENSG00000260686"
"881"	"ENSG00000168938"
"882"	"ENSG00000155324"
"883"	"ENSG00000164904"
"884"	"ENSG00000064651"
"885"	"ENSG00000164402"
"886"	"ENSG00000237190"
"887"	"ENSG00000043143"
"888"	"ENSG00000164615"
"889"	"ENSG00000181904"
"890"	"ENSG00000152377"
"891"	"ENSG00000112983"
"892"	"ENSG00000112984"
"893"	"ENSG00000158402"
"894"	"ENSG00000120738"
"895"	"ENSG00000170464"
"896"	"ENSG00000171604"
"897"	"ENSG00000113119"
"898"	"ENSG00000120318"
"899"	"ENSG00000156453"
"900"	"ENSG00000113580"
"901"	"ENSG00000156463"
"902"	"ENSG00000113649"
"903"	"ENSG00000169252"
"904"	"ENSG00000155850"
"905"	"ENSG00000113721"
"906"	"ENSG00000171992"
"907"	"ENSG00000145901"
"908"	"ENSG00000197043"
"909"	"ENSG00000177556"
"910"	"ENSG00000164574"
"911"	"ENSG00000145860"
"912"	"ENSG00000164332"
"913"	"ENSG00000135083"
"914"	"ENSG00000113328"
"915"	"ENSG00000040275"
"916"	"ENSG00000120129"
"917"	"ENSG00000253686"
"918"	"ENSG00000113742"
"919"	"ENSG00000122203"
"920"	"ENSG00000146083"
"921"	"ENSG00000198055"
"922"	"ENSG00000131188"
"923"	"ENSG00000279821"
"924"	"ENSG00000196923"
"925"	"ENSG00000146094"
"926"	"ENSG00000145911"
"927"	"ENSG00000175309"
"928"	"ENSG00000161011"
"929"	"ENSG00000196670"
"930"	"ENSG00000146063"
"931"	"ENSG00000021355"
"932"	"ENSG00000124570"
"933"	"ENSG00000137274"
"934"	"ENSG00000137267"
"935"	"ENSG00000137266"
"936"	"ENSG00000168994"
"937"	"ENSG00000124787"
"938"	"ENSG00000214113"
"939"	"ENSG00000124782"
"940"	"ENSG00000096696"
"941"	"ENSG00000137203"
"942"	"ENSG00000111846"
"943"	"ENSG00000205269"
"944"	"ENSG00000095951"
"945"	"ENSG00000078401"
"946"	"ENSG00000112149"
"947"	"ENSG00000137414"
"948"	"ENSG00000112293"
"949"	"ENSG00000112294"
"950"	"ENSG00000137261"
"951"	"ENSG00000168405"
"952"	"ENSG00000275714"
"953"	"ENSG00000278637"
"954"	"ENSG00000278705"
"955"	"ENSG00000274267"
"956"	"ENSG00000278463"
"957"	"ENSG00000187837"
"958"	"ENSG00000180573"
"959"	"ENSG00000168298"
"960"	"ENSG00000158373"
"961"	"ENSG00000276966"
"962"	"ENSG00000273802"
"963"	"ENSG00000277075"
"964"	"ENSG00000274750"
"965"	"ENSG00000277775"
"966"	"ENSG00000275713"
"967"	"ENSG00000273983"
"968"	"ENSG00000278588"
"969"	"ENSG00000124508"
"970"	"ENSG00000111801"
"971"	"ENSG00000182952"
"972"	"ENSG00000124635"
"973"	"ENSG00000276180"
"974"	"ENSG00000197903"
"975"	"ENSG00000274997"
"976"	"ENSG00000185130"
"977"	"ENSG00000196747"
"978"	"ENSG00000278828"
"979"	"ENSG00000275221"
"980"	"ENSG00000276903"
"981"	"ENSG00000184357"
"982"	"ENSG00000274641"
"983"	"ENSG00000196812"
"984"	"ENSG00000204681"
"985"	"ENSG00000204619"
"986"	"ENSG00000204576"
"987"	"ENSG00000137404"
"988"	"ENSG00000137312"
"989"	"ENSG00000137331"
"990"	"ENSG00000234745"
"991"	"ENSG00000204439"
"992"	"ENSG00000213719"
"993"	"ENSG00000204396"
"994"	"ENSG00000204387"
"995"	"ENSG00000221988"
"996"	"ENSG00000204310"
"997"	"ENSG00000168394"
"998"	"ENSG00000237649"
"999"	"ENSG00000030110"
"1000"	"ENSG00000272325"
"1001"	"ENSG00000124614"
"1002"	"ENSG00000065060"
"1003"	"ENSG00000096070"
"1004"	"ENSG00000112078"
"1005"	"ENSG00000112081"
"1006"	"ENSG00000124762"
"1007"	"ENSG00000198663"
"1008"	"ENSG00000137409"
"1009"	"ENSG00000137193"
"1010"	"ENSG00000156639"
"1011"	"ENSG00000124767"
"1012"	"ENSG00000164663"
"1013"	"ENSG00000124496"
"1014"	"ENSG00000044090"
"1015"	"ENSG00000112658"
"1016"	"ENSG00000112659"
"1017"	"ENSG00000181577"
"1018"	"ENSG00000112759"
"1019"	"ENSG00000146232"
"1020"	"ENSG00000124813"
"1021"	"ENSG00000170915"
"1022"	"ENSG00000096093"
"1023"	"ENSG00000225791"
"1024"	"ENSG00000112144"
"1025"	"ENSG00000012660"
"1026"	"ENSG00000137269"
"1027"	"ENSG00000168143"
"1028"	"ENSG00000151917"
"1029"	"ENSG00000168116"
"1030"	"ENSG00000154079"
"1031"	"ENSG00000119900"
"1032"	"ENSG00000233237"
"1033"	"ENSG00000279312"
"1034"	"ENSG00000119899"
"1035"	"ENSG00000156535"
"1036"	"ENSG00000111799"
"1037"	"ENSG00000118418"
"1038"	"ENSG00000083123"
"1039"	"ENSG00000005700"
"1040"	"ENSG00000083097"
"1041"	"ENSG00000013392"
"1042"	"ENSG00000065615"
"1043"	"ENSG00000135318"
"1044"	"ENSG00000203875"
"1045"	"ENSG00000146278"
"1046"	"ENSG00000135341"
"1047"	"ENSG00000123545"
"1048"	"ENSG00000112234"
"1049"	"ENSG00000164418"
"1050"	"ENSG00000057657"
"1051"	"ENSG00000112297"
"1052"	"ENSG00000272398"
"1053"	"ENSG00000203797"
"1054"	"ENSG00000056972"
"1055"	"ENSG00000203778"
"1056"	"ENSG00000187189"
"1057"	"ENSG00000189241"
"1058"	"ENSG00000111832"
"1059"	"ENSG00000164465"
"1060"	"ENSG00000047932"
"1061"	"ENSG00000111860"
"1062"	"ENSG00000111885"
"1063"	"ENSG00000111897"
"1064"	"ENSG00000111912"
"1065"	"ENSG00000118523"
"1066"	"ENSG00000112319"
"1067"	"ENSG00000118515"
"1068"	"ENSG00000171408"
"1069"	"ENSG00000112406"
"1070"	"ENSG00000164442"
"1071"	"ENSG00000146416"
"1072"	"ENSG00000034693"
"1073"	"ENSG00000112419"
"1074"	"ENSG00000118495"
"1075"	"ENSG00000152818"
"1076"	"ENSG00000111961"
"1077"	"ENSG00000055211"
"1078"	"ENSG00000131023"
"1079"	"ENSG00000120256"
"1080"	"ENSG00000120278"
"1081"	"ENSG00000120254"
"1082"	"ENSG00000112029"
"1083"	"ENSG00000153721"
"1084"	"ENSG00000029639"
"1085"	"ENSG00000049618"
"1086"	"ENSG00000092820"
"1087"	"ENSG00000112096"
"1088"	"ENSG00000197081"
"1089"	"ENSG00000185127"
"1090"	"ENSG00000130024"
"1091"	"ENSG00000223855"
"1092"	"ENSG00000164850"
"1093"	"ENSG00000164877"
"1094"	"ENSG00000164880"
"1095"	"ENSG00000198517"
"1096"	"ENSG00000106012"
"1097"	"ENSG00000136295"
"1098"	"ENSG00000174945"
"1099"	"ENSG00000086232"
"1100"	"ENSG00000008256"
"1101"	"ENSG00000136238"
"1102"	"ENSG00000136240"
"1103"	"ENSG00000106399"
"1104"	"ENSG00000106415"
"1105"	"ENSG00000122644"
"1106"	"ENSG00000106537"
"1107"	"ENSG00000105855"
"1108"	"ENSG00000136243"
"1109"	"ENSG00000172115"
"1110"	"ENSG00000273237"
"1111"	"ENSG00000005020"
"1112"	"ENSG00000106049"
"1113"	"ENSG00000153814"
"1114"	"ENSG00000106080"
"1115"	"ENSG00000106355"
"1116"	"ENSG00000173852"
"1117"	"ENSG00000011426"
"1118"	"ENSG00000010270"
"1119"	"ENSG00000211689"
"1120"	"ENSG00000231638"
"1121"	"ENSG00000164543"
"1122"	"ENSG00000106608"
"1123"	"ENSG00000078967"
"1124"	"ENSG00000136279"
"1125"	"ENSG00000232956"
"1126"	"ENSG00000146674"
"1127"	"ENSG00000106070"
"1128"	"ENSG00000132434"
"1129"	"ENSG00000146729"
"1130"	"ENSG00000129103"
"1131"	"ENSG00000173041"
"1132"	"ENSG00000152926"
"1133"	"ENSG00000228409"
"1134"	"ENSG00000009950"
"1135"	"ENSG00000006704"
"1136"	"ENSG00000174428"
"1137"	"ENSG00000005486"
"1138"	"ENSG00000127948"
"1139"	"ENSG00000146701"
"1140"	"ENSG00000146700"
"1141"	"ENSG00000188372"
"1142"	"ENSG00000091073"
"1143"	"ENSG00000146707"
"1144"	"ENSG00000127954"
"1145"	"ENSG00000157259"
"1146"	"ENSG00000127980"
"1147"	"ENSG00000105810"
"1148"	"ENSG00000205413"
"1149"	"ENSG00000177409"
"1150"	"ENSG00000196636"
"1151"	"ENSG00000164715"
"1152"	"ENSG00000205356"
"1153"	"ENSG00000106261"
"1154"	"ENSG00000242294"
"1155"	"ENSG00000146834"
"1156"	"ENSG00000106351"
"1157"	"ENSG00000087087"
"1158"	"ENSG00000128581"
"1159"	"ENSG00000008282"
"1160"	"ENSG00000091136"
"1161"	"ENSG00000177683"
"1162"	"ENSG00000128512"
"1163"	"ENSG00000198839"
"1164"	"ENSG00000006652"
"1165"	"ENSG00000135269"
"1166"	"ENSG00000105971"
"1167"	"ENSG00000105974"
"1168"	"ENSG00000004866"
"1169"	"ENSG00000128534"
"1170"	"ENSG00000106034"
"1171"	"ENSG00000106344"
"1172"	"ENSG00000135245"
"1173"	"ENSG00000128524"
"1174"	"ENSG00000273329"
"1175"	"ENSG00000186591"
"1176"	"ENSG00000146842"
"1177"	"ENSG00000128510"
"1178"	"ENSG00000106484"
"1179"	"ENSG00000271204"
"1180"	"ENSG00000131558"
"1181"	"ENSG00000085662"
"1182"	"ENSG00000172331"
"1183"	"ENSG00000122786"
"1184"	"ENSG00000243317"
"1185"	"ENSG00000105887"
"1186"	"ENSG00000146858"
"1187"	"ENSG00000261115"
"1188"	"ENSG00000159840"
"1189"	"ENSG00000155660"
"1190"	"ENSG00000197150"
"1191"	"ENSG00000213199"
"1192"	"ENSG00000106617"
"1193"	"ENSG00000196584"
"1194"	"ENSG00000273344"
"1195"	"ENSG00000126870"
"1196"	"ENSG00000167393"
"1197"	"ENSG00000169093"
"1198"	"ENSG00000214717"
"1199"	"ENSG00000101871"
"1200"	"ENSG00000197582"
"1201"	"ENSG00000176896"
"1202"	"ENSG00000123595"
"1203"	"ENSG00000182287"
"1204"	"ENSG00000169891"
"1205"	"ENSG00000008086"
"1206"	"ENSG00000086717"
"1207"	"ENSG00000044446"
"1208"	"ENSG00000173698"
"1209"	"ENSG00000131828"
"1210"	"ENSG00000180815"
"1211"	"ENSG00000147010"
"1212"	"ENSG00000130066"
"1213"	"ENSG00000005889"
"1214"	"ENSG00000067992"
"1215"	"ENSG00000260822"
"1216"	"ENSG00000198814"
"1217"	"ENSG00000198947"
"1218"	"ENSG00000047597"
"1219"	"ENSG00000182220"
"1220"	"ENSG00000270069"
"1221"	"ENSG00000102226"
"1222"	"ENSG00000094631"
"1223"	"ENSG00000147144"
"1224"	"ENSG00000205777"
"1225"	"ENSG00000172943"
"1226"	"ENSG00000198455"
"1227"	"ENSG00000131089"
"1228"	"ENSG00000130052"
"1229"	"ENSG00000090776"
"1230"	"ENSG00000067177"
"1231"	"ENSG00000147100"
"1232"	"ENSG00000165240"
"1233"	"ENSG00000198157"
"1234"	"ENSG00000188917"
"1235"	"ENSG00000102384"
"1236"	"ENSG00000241343"
"1237"	"ENSG00000126945"
"1238"	"ENSG00000180964"
"1239"	"ENSG00000185222"
"1240"	"ENSG00000166681"
"1241"	"ENSG00000123575"
"1242"	"ENSG00000133131"
"1243"	"ENSG00000068366"
"1244"	"ENSG00000157600"
"1245"	"ENSG00000003096"
"1246"	"ENSG00000147251"
"1247"	"ENSG00000077713"
"1248"	"ENSG00000125354"
"1249"	"ENSG00000125352"
"1250"	"ENSG00000177485"
"1251"	"ENSG00000005893"
"1252"	"ENSG00000102038"
"1253"	"ENSG00000085185"
"1254"	"ENSG00000165675"
"1255"	"ENSG00000076770"
"1256"	"ENSG00000156531"
"1257"	"ENSG00000212747"
"1258"	"ENSG00000102241"
"1259"	"ENSG00000147274"
"1260"	"ENSG00000101977"
"1261"	"ENSG00000010404"
"1262"	"ENSG00000102181"
"1263"	"ENSG00000160131"
"1264"	"ENSG00000067829"
"1265"	"ENSG00000198910"
"1266"	"ENSG00000172534"
"1267"	"ENSG00000177854"
"1268"	"ENSG00000184216"
"1269"	"ENSG00000169057"
"1270"	"ENSG00000196924"
"1271"	"ENSG00000071553"
"1272"	"ENSG00000130827"
"1273"	"ENSG00000269335"
"1274"	"ENSG00000130830"
"1275"	"ENSG00000253982"
"1276"	"ENSG00000155189"
"1277"	"ENSG00000154319"
"1278"	"ENSG00000164733"
"1279"	"ENSG00000104219"
"1280"	"ENSG00000003989"
"1281"	"ENSG00000129422"
"1282"	"ENSG00000104763"
"1283"	"ENSG00000158863"
"1284"	"ENSG00000008853"
"1285"	"ENSG00000173530"
"1286"	"ENSG00000134013"
"1287"	"ENSG00000184661"
"1288"	"ENSG00000104765"
"1289"	"ENSG00000120899"
"1290"	"ENSG00000120885"
"1291"	"ENSG00000168077"
"1292"	"ENSG00000147419"
"1293"	"ENSG00000168078"
"1294"	"ENSG00000104290"
"1295"	"ENSG00000197892"
"1296"	"ENSG00000120875"
"1297"	"ENSG00000104660"
"1298"	"ENSG00000104691"
"1299"	"ENSG00000156675"
"1300"	"ENSG00000085788"
"1301"	"ENSG00000165046"
"1302"	"ENSG00000169499"
"1303"	"ENSG00000176907"
"1304"	"ENSG00000070718"
"1305"	"ENSG00000165102"
"1306"	"ENSG00000019549"
"1307"	"ENSG00000168333"
"1308"	"ENSG00000168300"
"1309"	"ENSG00000047249"
"1310"	"ENSG00000120992"
"1311"	"ENSG00000181690"
"1312"	"ENSG00000170786"
"1313"	"ENSG00000169122"
"1314"	"ENSG00000198363"
"1315"	"ENSG00000067167"
"1316"	"ENSG00000147592"
"1317"	"ENSG00000040341"
"1318"	"ENSG00000104381"
"1319"	"ENSG00000076554"
"1320"	"ENSG00000123124"
"1321"	"ENSG00000176623"
"1322"	"ENSG00000104320"
"1323"	"ENSG00000164941"
"1324"	"ENSG00000175305"
"1325"	"ENSG00000164938"
"1326"	"ENSG00000175895"
"1327"	"ENSG00000169439"
"1328"	"ENSG00000132541"
"1329"	"ENSG00000104375"
"1330"	"ENSG00000164920"
"1331"	"ENSG00000132549"
"1332"	"ENSG00000034677"
"1333"	"ENSG00000155090"
"1334"	"ENSG00000155097"
"1335"	"ENSG00000251003"
"1336"	"ENSG00000147642"
"1337"	"ENSG00000104447"
"1338"	"ENSG00000182197"
"1339"	"ENSG00000147676"
"1340"	"ENSG00000136999"
"1341"	"ENSG00000155792"
"1342"	"ENSG00000170961"
"1343"	"ENSG00000136986"
"1344"	"ENSG00000156787"
"1345"	"ENSG00000156804"
"1346"	"ENSG00000176853"
"1347"	"ENSG00000183665"
"1348"	"ENSG00000180938"
"1349"	"ENSG00000164961"
"1350"	"ENSG00000173334"
"1351"	"ENSG00000212993"
"1352"	"ENSG00000104472"
"1353"	"ENSG00000167653"
"1354"	"ENSG00000160886"
"1355"	"ENSG00000130193"
"1356"	"ENSG00000184428"
"1357"	"ENSG00000158106"
"1358"	"ENSG00000014164"
"1359"	"ENSG00000204839"
"1360"	"ENSG00000104524"
"1361"	"ENSG00000179950"
"1362"	"ENSG00000261150"
"1363"	"ENSG00000178209"
"1364"	"ENSG00000178814"
"1365"	"ENSG00000197858"
"1366"	"ENSG00000261236"
"1367"	"ENSG00000185803"
"1368"	"ENSG00000160957"
"1369"	"ENSG00000196150"
"1370"	"ENSG00000080503"
"1371"	"ENSG00000147853"
"1372"	"ENSG00000099219"
"1373"	"ENSG00000153714"
"1374"	"ENSG00000147862"
"1375"	"ENSG00000164985"
"1376"	"ENSG00000173068"
"1377"	"ENSG00000107295"
"1378"	"ENSG00000147874"
"1379"	"ENSG00000171843"
"1380"	"ENSG00000171889"
"1381"	"ENSG00000198680"
"1382"	"ENSG00000107201"
"1383"	"ENSG00000086061"
"1384"	"ENSG00000086062"
"1385"	"ENSG00000122711"
"1386"	"ENSG00000230453"
"1387"	"ENSG00000234373"
"1388"	"ENSG00000226562"
"1389"	"ENSG00000164976"
"1390"	"ENSG00000164970"
"1391"	"ENSG00000165280"
"1392"	"ENSG00000165282"
"1393"	"ENSG00000198722"
"1394"	"ENSG00000159884"
"1395"	"ENSG00000137135"
"1396"	"ENSG00000070610"
"1397"	"ENSG00000137133"
"1398"	"ENSG00000122707"
"1399"	"ENSG00000159921"
"1400"	"ENSG00000281649"
"1401"	"ENSG00000137106"
"1402"	"ENSG00000137124"
"1403"	"ENSG00000135048"
"1404"	"ENSG00000107372"
"1405"	"ENSG00000106733"
"1406"	"ENSG00000135002"
"1407"	"ENSG00000156052"
"1408"	"ENSG00000083223"
"1409"	"ENSG00000180447"
"1410"	"ENSG00000135047"
"1411"	"ENSG00000213694"
"1412"	"ENSG00000187764"
"1413"	"ENSG00000165030"
"1414"	"ENSG00000196305"
"1415"	"ENSG00000106823"
"1416"	"ENSG00000188938"
"1417"	"ENSG00000269929"
"1418"	"ENSG00000185920"
"1419"	"ENSG00000136943"
"1420"	"ENSG00000196116"
"1421"	"ENSG00000136937"
"1422"	"ENSG00000178919"
"1423"	"ENSG00000106785"
"1424"	"ENSG00000106789"
"1425"	"ENSG00000204291"
"1426"	"ENSG00000106799"
"1427"	"ENSG00000119508"
"1428"	"ENSG00000136870"
"1429"	"ENSG00000070214"
"1430"	"ENSG00000106692"
"1431"	"ENSG00000136826"
"1432"	"ENSG00000095203"
"1433"	"ENSG00000241978"
"1434"	"ENSG00000136813"
"1435"	"ENSG00000106853"
"1436"	"ENSG00000106868"
"1437"	"ENSG00000136868"
"1438"	"ENSG00000148225"
"1439"	"ENSG00000148218"
"1440"	"ENSG00000157657"
"1441"	"ENSG00000196739"
"1442"	"ENSG00000106948"
"1443"	"ENSG00000095397"
"1444"	"ENSG00000106780"
"1445"	"ENSG00000119402"
"1446"	"ENSG00000136848"
"1447"	"ENSG00000261534"
"1448"	"ENSG00000148187"
"1449"	"ENSG00000186130"
"1450"	"ENSG00000136930"
"1451"	"ENSG00000148200"
"1452"	"ENSG00000185585"
"1453"	"ENSG00000136933"
"1454"	"ENSG00000136828"
"1455"	"ENSG00000136854"
"1456"	"ENSG00000167106"
"1457"	"ENSG00000148339"
"1458"	"ENSG00000234771"
"1459"	"ENSG00000148337"
"1460"	"ENSG00000148343"
"1461"	"ENSG00000095321"
"1462"	"ENSG00000204054"
"1463"	"ENSG00000167157"
"1464"	"ENSG00000136878"
"1465"	"ENSG00000187239"
"1466"	"ENSG00000107130"
"1467"	"ENSG00000126878"
"1468"	"ENSG00000148297"
"1469"	"ENSG00000148290"
"1470"	"ENSG00000160323"
"1471"	"ENSG00000235106"
"1472"	"ENSG00000186350"
"1473"	"ENSG00000165661"
"1474"	"ENSG00000148400"
"1475"	"ENSG00000159069"
"1476"	"ENSG00000148362"
"1477"	"ENSG00000169583"
"1478"	"ENSG00000107331"
"1479"	"ENSG00000186193"
"1480"	"ENSG00000177239"
"1481"	"ENSG00000176101"
"1482"	"ENSG00000187713"
"1483"	"ENSG00000197191"
"1484"	"ENSG00000188229"
"1485"	"ENSG00000198113"
"1486"	"ENSG00000165802"
"1487"	"ENSG00000165724"
"1488"	"ENSG00000197070"
"1489"	"ENSG00000142089"
"1490"	"ENSG00000177106"
"1491"	"ENSG00000177542"
"1492"	"ENSG00000177697"
"1493"	"ENSG00000177830"
"1494"	"ENSG00000183020"
"1495"	"ENSG00000215182"
"1496"	"ENSG00000117983"
"1497"	"ENSG00000184545"
"1498"	"ENSG00000129757"
"1499"	"ENSG00000181649"
"1500"	"ENSG00000110713"
"1501"	"ENSG00000132109"
"1502"	"ENSG00000170955"
"1503"	"ENSG00000166311"
"1504"	"ENSG00000132286"
"1505"	"ENSG00000166341"
"1506"	"ENSG00000254838"
"1507"	"ENSG00000166387"
"1508"	"ENSG00000175390"
"1509"	"ENSG00000166407"
"1510"	"ENSG00000166436"
"1511"	"ENSG00000184014"
"1512"	"ENSG00000198730"
"1513"	"ENSG00000247271"
"1514"	"ENSG00000133816"
"1515"	"ENSG00000187079"
"1516"	"ENSG00000251381"
"1517"	"ENSG00000133794"
"1518"	"ENSG00000197601"
"1519"	"ENSG00000133818"
"1520"	"ENSG00000152270"
"1521"	"ENSG00000166689"
"1522"	"ENSG00000166833"
"1523"	"ENSG00000205213"
"1524"	"ENSG00000121621"
"1525"	"ENSG00000007372"
"1526"	"ENSG00000121690"
"1527"	"ENSG00000176148"
"1528"	"ENSG00000280798"
"1529"	"ENSG00000176102"
"1530"	"ENSG00000166016"
"1531"	"ENSG00000026508"
"1532"	"ENSG00000166326"
"1533"	"ENSG00000179241"
"1534"	"ENSG00000052841"
"1535"	"ENSG00000149084"
"1536"	"ENSG00000175274"
"1537"	"ENSG00000181830"
"1538"	"ENSG00000121680"
"1539"	"ENSG00000157613"
"1540"	"ENSG00000149091"
"1541"	"ENSG00000110497"
"1542"	"ENSG00000134574"
"1543"	"ENSG00000110536"
"1544"	"ENSG00000030066"
"1545"	"ENSG00000149177"
"1546"	"ENSG00000134802"
"1547"	"ENSG00000186907"
"1548"	"ENSG00000211450"
"1549"	"ENSG00000006118"
"1550"	"ENSG00000149476"
"1551"	"ENSG00000011347"
"1552"	"ENSG00000167996"
"1553"	"ENSG00000149503"
"1554"	"ENSG00000255717"
"1555"	"ENSG00000176485"
"1556"	"ENSG00000110583"
"1557"	"ENSG00000133315"
"1558"	"ENSG00000168067"
"1559"	"ENSG00000110046"
"1560"	"ENSG00000014138"
"1561"	"ENSG00000173727"
"1562"	"ENSG00000168056"
"1563"	"ENSG00000172500"
"1564"	"ENSG00000175602"
"1565"	"ENSG00000175592"
"1566"	"ENSG00000174791"
"1567"	"ENSG00000174165"
"1568"	"ENSG00000173653"
"1569"	"ENSG00000173599"
"1570"	"ENSG00000173621"
"1571"	"ENSG00000173237"
"1572"	"ENSG00000173227"
"1573"	"ENSG00000173156"
"1574"	"ENSG00000175505"
"1575"	"ENSG00000110711"
"1576"	"ENSG00000167792"
"1577"	"ENSG00000006534"
"1578"	"ENSG00000110721"
"1579"	"ENSG00000137497"
"1580"	"ENSG00000165458"
"1581"	"ENSG00000162129"
"1582"	"ENSG00000214530"
"1583"	"ENSG00000175591"
"1584"	"ENSG00000260401"
"1585"	"ENSG00000171631"
"1586"	"ENSG00000110237"
"1587"	"ENSG00000054965"
"1588"	"ENSG00000175567"
"1589"	"ENSG00000162139"
"1590"	"ENSG00000149257"
"1591"	"ENSG00000062282"
"1592"	"ENSG00000182704"
"1593"	"ENSG00000151366"
"1594"	"ENSG00000159063"
"1595"	"ENSG00000137509"
"1596"	"ENSG00000137502"
"1597"	"ENSG00000150687"
"1598"	"ENSG00000174804"
"1599"	"ENSG00000166575"
"1600"	"ENSG00000166012"
"1601"	"ENSG00000202314"
"1602"	"ENSG00000110218"
"1603"	"ENSG00000020922"
"1604"	"ENSG00000166025"
"1605"	"ENSG00000149212"
"1606"	"ENSG00000087053"
"1607"	"ENSG00000165895"
"1608"	"ENSG00000170647"
"1609"	"ENSG00000110318"
"1610"	"ENSG00000023445"
"1611"	"ENSG00000110330"
"1612"	"ENSG00000187240"
"1613"	"ENSG00000170903"
"1614"	"ENSG00000152402"
"1615"	"ENSG00000137720"
"1616"	"ENSG00000150779"
"1617"	"ENSG00000180425"
"1618"	"ENSG00000182985"
"1619"	"ENSG00000149591"
"1620"	"ENSG00000160613"
"1621"	"ENSG00000019144"
"1622"	"ENSG00000186174"
"1623"	"ENSG00000188486"
"1624"	"ENSG00000036672"
"1625"	"ENSG00000137699"
"1626"	"ENSG00000184232"
"1627"	"ENSG00000154114"
"1628"	"ENSG00000023171"
"1629"	"ENSG00000110013"
"1630"	"ENSG00000149418"
"1631"	"ENSG00000196323"
"1632"	"ENSG00000166106"
"1633"	"ENSG00000151498"
"1634"	"ENSG00000107959"
"1635"	"ENSG00000196372"
"1636"	"ENSG00000108021"
"1637"	"ENSG00000148429"
"1638"	"ENSG00000165609"
"1639"	"ENSG00000183049"
"1640"	"ENSG00000148481"
"1641"	"ENSG00000026025"
"1642"	"ENSG00000078114"
"1643"	"ENSG00000204682"
"1644"	"ENSG00000078403"
"1645"	"ENSG00000136770"
"1646"	"ENSG00000148444"
"1647"	"ENSG00000168283"
"1648"	"ENSG00000148450"
"1649"	"ENSG00000165312"
"1650"	"ENSG00000120549"
"1651"	"ENSG00000107863"
"1652"	"ENSG00000150054"
"1653"	"ENSG00000170759"
"1654"	"ENSG00000120616"
"1655"	"ENSG00000229656"
"1656"	"ENSG00000148498"
"1657"	"ENSG00000175395"
"1658"	"ENSG00000075407"
"1659"	"ENSG00000169813"
"1660"	"ENSG00000196793"
"1661"	"ENSG00000172661"
"1662"	"ENSG00000264230"
"1663"	"ENSG00000265763"
"1664"	"ENSG00000265190"
"1665"	"ENSG00000276850"
"1666"	"ENSG00000273760"
"1667"	"ENSG00000225830"
"1668"	"ENSG00000099290"
"1669"	"ENSG00000198964"
"1670"	"ENSG00000107984"
"1671"	"ENSG00000165449"
"1672"	"ENSG00000108091"
"1673"	"ENSG00000150347"
"1674"	"ENSG00000181915"
"1675"	"ENSG00000122877"
"1676"	"ENSG00000108176"
"1677"	"ENSG00000148634"
"1678"	"ENSG00000138347"
"1679"	"ENSG00000060339"
"1680"	"ENSG00000165730"
"1681"	"ENSG00000079332"
"1682"	"ENSG00000172731"
"1683"	"ENSG00000107738"
"1684"	"ENSG00000197746"
"1685"	"ENSG00000122863"
"1686"	"ENSG00000122884"
"1687"	"ENSG00000138286"
"1688"	"ENSG00000196968"
"1689"	"ENSG00000214655"
"1690"	"ENSG00000156671"
"1691"	"ENSG00000108175"
"1692"	"ENSG00000108179"
"1693"	"ENSG00000122359"
"1694"	"ENSG00000122367"
"1695"	"ENSG00000272734"
"1696"	"ENSG00000171862"
"1697"	"ENSG00000138134"
"1698"	"ENSG00000107796"
"1699"	"ENSG00000107798"
"1700"	"ENSG00000119922"
"1701"	"ENSG00000119917"
"1702"	"ENSG00000185745"
"1703"	"ENSG00000152778"
"1704"	"ENSG00000138180"
"1705"	"ENSG00000059573"
"1706"	"ENSG00000177853"
"1707"	"ENSG00000196233"
"1708"	"ENSG00000241935"
"1709"	"ENSG00000155252"
"1710"	"ENSG00000119986"
"1711"	"ENSG00000155254"
"1712"	"ENSG00000014919"
"1713"	"ENSG00000023839"
"1714"	"ENSG00000099194"
"1715"	"ENSG00000235823"
"1716"	"ENSG00000107816"
"1717"	"ENSG00000166169"
"1718"	"ENSG00000198408"
"1719"	"ENSG00000077150"
"1720"	"ENSG00000107874"
"1721"	"ENSG00000107957"
"1722"	"ENSG00000107960"
"1723"	"ENSG00000148841"
"1724"	"ENSG00000108039"
"1725"	"ENSG00000148700"
"1726"	"ENSG00000119950"
"1727"	"ENSG00000197142"
"1728"	"ENSG00000165813"
"1729"	"ENSG00000099204"
"1730"	"ENSG00000165868"
"1731"	"ENSG00000187164"
"1732"	"ENSG00000198873"
"1733"	"ENSG00000198825"
"1734"	"ENSG00000107672"
"1735"	"ENSG00000138162"
"1736"	"ENSG00000107679"
"1737"	"ENSG00000107902"
"1738"	"ENSG00000189319"
"1739"	"ENSG00000188690"
"1740"	"ENSG00000089876"
"1741"	"ENSG00000148773"
"1742"	"ENSG00000176171"
"1743"	"ENSG00000165752"
"1744"	"ENSG00000171813"
"1745"	"ENSG00000068383"
"1746"	"ENSG00000127884"
"1747"	"ENSG00000250132"
"1748"	"ENSG00000111206"
"1749"	"ENSG00000197905"
"1750"	"ENSG00000047621"
"1751"	"ENSG00000010278"
"1752"	"ENSG00000067182"
"1753"	"ENSG00000111319"
"1754"	"ENSG00000184574"
"1755"	"ENSG00000111653"
"1756"	"ENSG00000126746"
"1757"	"ENSG00000159335"
"1758"	"ENSG00000111665"
"1759"	"ENSG00000111684"
"1760"	"ENSG00000182326"
"1761"	"ENSG00000139178"
"1762"	"ENSG00000089818"
"1763"	"ENSG00000173391"
"1764"	"ENSG00000060138"
"1765"	"ENSG00000111261"
"1766"	"ENSG00000111266"
"1767"	"ENSG00000111276"
"1768"	"ENSG00000275560"
"1769"	"ENSG00000013588"
"1770"	"ENSG00000013583"
"1771"	"ENSG00000197837"
"1772"	"ENSG00000134533"
"1773"	"ENSG00000008394"
"1774"	"ENSG00000172572"
"1775"	"ENSG00000121350"
"1776"	"ENSG00000139163"
"1777"	"ENSG00000205707"
"1778"	"ENSG00000211455"
"1779"	"ENSG00000110841"
"1780"	"ENSG00000133687"
"1781"	"ENSG00000133704"
"1782"	"ENSG00000151746"
"1783"	"ENSG00000087470"
"1784"	"ENSG00000057294"
"1785"	"ENSG00000139133"
"1786"	"ENSG00000175548"
"1787"	"ENSG00000134294"
"1788"	"ENSG00000275481"
"1789"	"ENSG00000139211"
"1790"	"ENSG00000211584"
"1791"	"ENSG00000061273"
"1792"	"ENSG00000134291"
"1793"	"ENSG00000177981"
"1794"	"ENSG00000167528"
"1795"	"ENSG00000129315"
"1796"	"ENSG00000167548"
"1797"	"ENSG00000167552"
"1798"	"ENSG00000167553"
"1799"	"ENSG00000135451"
"1800"	"ENSG00000178401"
"1801"	"ENSG00000123352"
"1802"	"ENSG00000110881"
"1803"	"ENSG00000178449"
"1804"	"ENSG00000139624"
"1805"	"ENSG00000050405"
"1806"	"ENSG00000257298"
"1807"	"ENSG00000185432"
"1808"	"ENSG00000050426"
"1809"	"ENSG00000139629"
"1810"	"ENSG00000050438"
"1811"	"ENSG00000123358"
"1812"	"ENSG00000123395"
"1813"	"ENSG00000135480"
"1814"	"ENSG00000111057"
"1815"	"ENSG00000111077"
"1816"	"ENSG00000135476"
"1817"	"ENSG00000185591"
"1818"	"ENSG00000139625"
"1819"	"ENSG00000139546"
"1820"	"ENSG00000123364"
"1821"	"ENSG00000161642"
"1822"	"ENSG00000135414"
"1823"	"ENSG00000182796"
"1824"	"ENSG00000139641"
"1825"	"ENSG00000135469"
"1826"	"ENSG00000135473"
"1827"	"ENSG00000170581"
"1828"	"ENSG00000076067"
"1829"	"ENSG00000198056"
"1830"	"ENSG00000166866"
"1831"	"ENSG00000166881"
"1832"	"ENSG00000166888"
"1833"	"ENSG00000123384"
"1834"	"ENSG00000182379"
"1835"	"ENSG00000111087"
"1836"	"ENSG00000175203"
"1837"	"ENSG00000135452"
"1838"	"ENSG00000139266"
"1839"	"ENSG00000135655"
"1840"	"ENSG00000111110"
"1841"	"ENSG00000196935"
"1842"	"ENSG00000135677"
"1843"	"ENSG00000135678"
"1844"	"ENSG00000127324"
"1845"	"ENSG00000253719"
"1846"	"ENSG00000111615"
"1847"	"ENSG00000139289"
"1848"	"ENSG00000175183"
"1849"	"ENSG00000058272"
"1850"	"ENSG00000198774"
"1851"	"ENSG00000133639"
"1852"	"ENSG00000102189"
"1853"	"ENSG00000198015"
"1854"	"ENSG00000185046"
"1855"	"ENSG00000111647"
"1856"	"ENSG00000139354"
"1857"	"ENSG00000111666"
"1858"	"ENSG00000111670"
"1859"	"ENSG00000111696"
"1860"	"ENSG00000166598"
"1861"	"ENSG00000198431"
"1862"	"ENSG00000136052"
"1863"	"ENSG00000136010"
"1864"	"ENSG00000074590"
"1865"	"ENSG00000013503"
"1866"	"ENSG00000111237"
"1867"	"ENSG00000204852"
"1868"	"ENSG00000111271"
"1869"	"ENSG00000089248"
"1870"	"ENSG00000111300"
"1871"	"ENSG00000186815"
"1872"	"ENSG00000122965"
"1873"	"ENSG00000135111"
"1874"	"ENSG00000135119"
"1875"	"ENSG00000174989"
"1876"	"ENSG00000088992"
"1877"	"ENSG00000152137"
"1878"	"ENSG00000111725"
"1879"	"ENSG00000089159"
"1880"	"ENSG00000111786"
"1881"	"ENSG00000175970"
"1882"	"ENSG00000188735"
"1883"	"ENSG00000139718"
"1884"	"ENSG00000158104"
"1885"	"ENSG00000110987"
"1886"	"ENSG00000184445"
"1887"	"ENSG00000111358"
"1888"	"ENSG00000179195"
"1889"	"ENSG00000073060"
"1890"	"ENSG00000150990"
"1891"	"ENSG00000184992"
"1892"	"ENSG00000081760"
"1893"	"ENSG00000278266"
"1894"	"ENSG00000139370"
"1895"	"ENSG00000111452"
"1896"	"ENSG00000177169"
"1897"	"ENSG00000112787"
"1898"	"ENSG00000176915"
"1899"	"ENSG00000090612"
"1900"	"ENSG00000121390"
"1901"	"ENSG00000121741"
"1902"	"ENSG00000150457"
"1903"	"ENSG00000151835"
"1904"	"ENSG00000127870"
"1905"	"ENSG00000122035"
"1906"	"ENSG00000132938"
"1907"	"ENSG00000122042"
"1908"	"ENSG00000102781"
"1909"	"ENSG00000120694"
"1910"	"ENSG00000187676"
"1911"	"ENSG00000133119"
"1912"	"ENSG00000102710"
"1913"	"ENSG00000150907"
"1914"	"ENSG00000120690"
"1915"	"ENSG00000023516"
"1916"	"ENSG00000120675"
"1917"	"ENSG00000120658"
"1918"	"ENSG00000102804"
"1919"	"ENSG00000133114"
"1920"	"ENSG00000170919"
"1921"	"ENSG00000136159"
"1922"	"ENSG00000275202"
"1923"	"ENSG00000136144"
"1924"	"ENSG00000136114"
"1925"	"ENSG00000136108"
"1926"	"ENSG00000118946"
"1927"	"ENSG00000083544"
"1928"	"ENSG00000184226"
"1929"	"ENSG00000261553"
"1930"	"ENSG00000136153"
"1931"	"ENSG00000005812"
"1932"	"ENSG00000165300"
"1933"	"ENSG00000215417"
"1934"	"ENSG00000125249"
"1935"	"ENSG00000152767"
"1936"	"ENSG00000275216"
"1937"	"ENSG00000185950"
"1938"	"ENSG00000213995"
"1939"	"ENSG00000134905"
"1940"	"ENSG00000102606"
"1941"	"ENSG00000126216"
"1942"	"ENSG00000153531"
"1943"	"ENSG00000150403"
"1944"	"ENSG00000283199"
"1945"	"ENSG00000185989"
"1946"	"ENSG00000165795"
"1947"	"ENSG00000165801"
"1948"	"ENSG00000258441"
"1949"	"ENSG00000155463"
"1950"	"ENSG00000100462"
"1951"	"ENSG00000129474"
"1952"	"ENSG00000139880"
"1953"	"ENSG00000100813"
"1954"	"ENSG00000100889"
"1955"	"ENSG00000092098"
"1956"	"ENSG00000196943"
"1957"	"ENSG00000100441"
"1958"	"ENSG00000092140"
"1959"	"ENSG00000092148"
"1960"	"ENSG00000129493"
"1961"	"ENSG00000100852"
"1962"	"ENSG00000165389"
"1963"	"ENSG00000165410"
"1964"	"ENSG00000100906"
"1965"	"ENSG00000165527"
"1966"	"ENSG00000100504"
"1967"	"ENSG00000087302"
"1968"	"ENSG00000180998"
"1969"	"ENSG00000197930"
"1970"	"ENSG00000073712"
"1971"	"ENSG00000100528"
"1972"	"ENSG00000197045"
"1973"	"ENSG00000020577"
"1974"	"ENSG00000198554"
"1975"	"ENSG00000131981"
"1976"	"ENSG00000126787"
"1977"	"ENSG00000126777"
"1978"	"ENSG00000032219"
"1979"	"ENSG00000100578"
"1980"	"ENSG00000100625"
"1981"	"ENSG00000100644"
"1982"	"ENSG00000089775"
"1983"	"ENSG00000179841"
"1984"	"ENSG00000126803"
"1985"	"ENSG00000185650"
"1986"	"ENSG00000139990"
"1987"	"ENSG00000213463"
"1988"	"ENSG00000139985"
"1989"	"ENSG00000100731"
"1990"	"ENSG00000133961"
"1991"	"ENSG00000119673"
"1992"	"ENSG00000119661"
"1993"	"ENSG00000140043"
"1994"	"ENSG00000119711"
"1995"	"ENSG00000119689"
"1996"	"ENSG00000198208"
"1997"	"ENSG00000119638"
"1998"	"ENSG00000170348"
"1999"	"ENSG00000170345"
"2000"	"ENSG00000119686"
"2001"	"ENSG00000100596"
"2002"	"ENSG00000211448"
"2003"	"ENSG00000140022"
"2004"	"ENSG00000183648"
"2005"	"ENSG00000165943"
"2006"	"ENSG00000165959"
"2007"	"ENSG00000066739"
"2008"	"ENSG00000205476"
"2009"	"ENSG00000066629"
"2010"	"ENSG00000196405"
"2011"	"ENSG00000080824"
"2012"	"ENSG00000100664"
"2013"	"ENSG00000166166"
"2014"	"ENSG00000156414"
"2015"	"ENSG00000099814"
"2016"	"ENSG00000185567"
"2017"	"ENSG00000184916"
"2018"	"ENSG00000182809"
"2019"	"ENSG00000273749"
"2020"	"ENSG00000275835"
"2021"	"ENSG00000104067"
"2022"	"ENSG00000198826"
"2023"	"ENSG00000169857"
"2024"	"ENSG00000182405"
"2025"	"ENSG00000140199"
"2026"	"ENSG00000186073"
"2027"	"ENSG00000137801"
"2028"	"ENSG00000166073"
"2029"	"ENSG00000104081"
"2030"	"ENSG00000156970"
"2031"	"ENSG00000259330"
"2032"	"ENSG00000137812"
"2033"	"ENSG00000104140"
"2034"	"ENSG00000128908"
"2035"	"ENSG00000187446"
"2036"	"ENSG00000247556"
"2037"	"ENSG00000137815"
"2038"	"ENSG00000214013"
"2039"	"ENSG00000168806"
"2040"	"ENSG00000166963"
"2041"	"ENSG00000128951"
"2042"	"ENSG00000103995"
"2043"	"ENSG00000255302"
"2044"	"ENSG00000138593"
"2045"	"ENSG00000104047"
"2046"	"ENSG00000104043"
"2047"	"ENSG00000140284"
"2048"	"ENSG00000104064"
"2049"	"ENSG00000092439"
"2050"	"ENSG00000138600"
"2051"	"ENSG00000138594"
"2052"	"ENSG00000128989"
"2053"	"ENSG00000279145"
"2054"	"ENSG00000069974"
"2055"	"ENSG00000069943"
"2056"	"ENSG00000069869"
"2057"	"ENSG00000181827"
"2058"	"ENSG00000128923"
"2059"	"ENSG00000157470"
"2060"	"ENSG00000182718"
"2061"	"ENSG00000129003"
"2062"	"ENSG00000171914"
"2063"	"ENSG00000140416"
"2064"	"ENSG00000103642"
"2065"	"ENSG00000185088"
"2066"	"ENSG00000140451"
"2067"	"ENSG00000241839"
"2068"	"ENSG00000103769"
"2069"	"ENSG00000169032"
"2070"	"ENSG00000174446"
"2071"	"ENSG00000166949"
"2072"	"ENSG00000103591"
"2073"	"ENSG00000137819"
"2074"	"ENSG00000137807"
"2075"	"ENSG00000140332"
"2076"	"ENSG00000187720"
"2077"	"ENSG00000066933"
"2078"	"ENSG00000103855"
"2079"	"ENSG00000205363"
"2080"	"ENSG00000067221"
"2081"	"ENSG00000179335"
"2082"	"ENSG00000178802"
"2083"	"ENSG00000178761"
"2084"	"ENSG00000140382"
"2085"	"ENSG00000167202"
"2086"	"ENSG00000166411"
"2087"	"ENSG00000140395"
"2088"	"ENSG00000136381"
"2089"	"ENSG00000188266"
"2090"	"ENSG00000172379"
"2091"	"ENSG00000136379"
"2092"	"ENSG00000073417"
"2093"	"ENSG00000181991"
"2094"	"ENSG00000181026"
"2095"	"ENSG00000157823"
"2096"	"ENSG00000242498"
"2097"	"ENSG00000182054"
"2098"	"ENSG00000140575"
"2099"	"ENSG00000184056"
"2100"	"ENSG00000272888"
"2101"	"ENSG00000279765"
"2102"	"ENSG00000173575"
"2103"	"ENSG00000140563"
"2104"	"ENSG00000185551"
"2105"	"ENSG00000140443"
"2106"	"ENSG00000278022"
"2107"	"ENSG00000182253"
"2108"	"ENSG00000131873"
"2109"	"ENSG00000007384"
"2110"	"ENSG00000007392"
"2111"	"ENSG00000103126"
"2112"	"ENSG00000129925"
"2113"	"ENSG00000103202"
"2114"	"ENSG00000103326"
"2115"	"ENSG00000197562"
"2116"	"ENSG00000172366"
"2117"	"ENSG00000161999"
"2118"	"ENSG00000103254"
"2119"	"ENSG00000102854"
"2120"	"ENSG00000103227"
"2121"	"ENSG00000059145"
"2122"	"ENSG00000103249"
"2123"	"ENSG00000167962"
"2124"	"ENSG00000065054"
"2125"	"ENSG00000167964"
"2126"	"ENSG00000260260"
"2127"	"ENSG00000259780"
"2128"	"ENSG00000162063"
"2129"	"ENSG00000167978"
"2130"	"ENSG00000059122"
"2131"	"ENSG00000127564"
"2132"	"ENSG00000162073"
"2133"	"ENSG00000006327"
"2134"	"ENSG00000131652"
"2135"	"ENSG00000008517"
"2136"	"ENSG00000122386"
"2137"	"ENSG00000085644"
"2138"	"ENSG00000006194"
"2139"	"ENSG00000005339"
"2140"	"ENSG00000262712"
"2141"	"ENSG00000168140"
"2142"	"ENSG00000153406"
"2143"	"ENSG00000103415"
"2144"	"ENSG00000089486"
"2145"	"ENSG00000153443"
"2146"	"ENSG00000102858"
"2147"	"ENSG00000140632"
"2148"	"ENSG00000118900"
"2149"	"ENSG00000118898"
"2150"	"ENSG00000153048"
"2151"	"ENSG00000187555"
"2152"	"ENSG00000182831"
"2153"	"ENSG00000103274"
"2154"	"ENSG00000182108"
"2155"	"ENSG00000038532"
"2156"	"ENSG00000175643"
"2157"	"ENSG00000153066"
"2158"	"ENSG00000171490"
"2159"	"ENSG00000103342"
"2160"	"ENSG00000048471"
"2161"	"ENSG00000103381"
"2162"	"ENSG00000186260"
"2163"	"ENSG00000250251"
"2164"	"ENSG00000170540"
"2165"	"ENSG00000157106"
"2166"	"ENSG00000006007"
"2167"	"ENSG00000066654"
"2168"	"ENSG00000005189"
"2169"	"ENSG00000185864"
"2170"	"ENSG00000103319"
"2171"	"ENSG00000058600"
"2172"	"ENSG00000103404"
"2173"	"ENSG00000103356"
"2174"	"ENSG00000166851"
"2175"	"ENSG00000140750"
"2176"	"ENSG00000246465"
"2177"	"ENSG00000168488"
"2178"	"ENSG00000177548"
"2179"	"ENSG00000079616"
"2180"	"ENSG00000103495"
"2181"	"ENSG00000013364"
"2182"	"ENSG00000174943"
"2183"	"ENSG00000102886"
"2184"	"ENSG00000169221"
"2185"	"ENSG00000169957"
"2186"	"ENSG00000156860"
"2187"	"ENSG00000156873"
"2188"	"ENSG00000103549"
"2189"	"ENSG00000102870"
"2190"	"ENSG00000099385"
"2191"	"ENSG00000260852"
"2192"	"ENSG00000099364"
"2193"	"ENSG00000175938"
"2194"	"ENSG00000099381"
"2195"	"ENSG00000089280"
"2196"	"ENSG00000140691"
"2197"	"ENSG00000140795"
"2198"	"ENSG00000155330"
"2199"	"ENSG00000102893"
"2200"	"ENSG00000155393"
"2201"	"ENSG00000121274"
"2202"	"ENSG00000177508"
"2203"	"ENSG00000245694"
"2204"	"ENSG00000087253"
"2205"	"ENSG00000167005"
"2206"	"ENSG00000051108"
"2207"	"ENSG00000140853"
"2208"	"ENSG00000140848"
"2209"	"ENSG00000102934"
"2210"	"ENSG00000135736"
"2211"	"ENSG00000205336"
"2212"	"ENSG00000182885"
"2213"	"ENSG00000140859"
"2214"	"ENSG00000070729"
"2215"	"ENSG00000103005"
"2216"	"ENSG00000102996"
"2217"	"ENSG00000125107"
"2218"	"ENSG00000103042"
"2219"	"ENSG00000172831"
"2220"	"ENSG00000172828"
"2221"	"ENSG00000135723"
"2222"	"ENSG00000196155"
"2223"	"ENSG00000102974"
"2224"	"ENSG00000102977"
"2225"	"ENSG00000102901"
"2226"	"ENSG00000159792"
"2227"	"ENSG00000103064"
"2228"	"ENSG00000184939"
"2229"	"ENSG00000103047"
"2230"	"ENSG00000168807"
"2231"	"ENSG00000103018"
"2232"	"ENSG00000181019"
"2233"	"ENSG00000090861"
"2234"	"ENSG00000157350"
"2235"	"ENSG00000132613"
"2236"	"ENSG00000180917"
"2237"	"ENSG00000140836"
"2238"	"ENSG00000103089"
"2239"	"ENSG00000166816"
"2240"	"ENSG00000050820"
"2241"	"ENSG00000152910"
"2242"	"ENSG00000166451"
"2243"	"ENSG00000261061"
"2244"	"ENSG00000103168"
"2245"	"ENSG00000103175"
"2246"	"ENSG00000140948"
"2247"	"ENSG00000260498"
"2248"	"ENSG00000172530"
"2249"	"ENSG00000174177"
"2250"	"ENSG00000278341"
"2251"	"ENSG00000141012"
"2252"	"ENSG00000129993"
"2253"	"ENSG00000167522"
"2254"	"ENSG00000197912"
"2255"	"ENSG00000204991"
"2256"	"ENSG00000258839"
"2257"	"ENSG00000141013"
"2258"	"ENSG00000141252"
"2259"	"ENSG00000074370"
"2260"	"ENSG00000141456"
"2261"	"ENSG00000108528"
"2262"	"ENSG00000108515"
"2263"	"ENSG00000180626"
"2264"	"ENSG00000029725"
"2265"	"ENSG00000129197"
"2266"	"ENSG00000091622"
"2267"	"ENSG00000161940"
"2268"	"ENSG00000072778"
"2269"	"ENSG00000181856"
"2270"	"ENSG00000181222"
"2271"	"ENSG00000129255"
"2272"	"ENSG00000141510"
"2273"	"ENSG00000170037"
"2274"	"ENSG00000179029"
"2275"	"ENSG00000125434"
"2276"	"ENSG00000108961"
"2277"	"ENSG00000133026"
"2278"	"ENSG00000154914"
"2279"	"ENSG00000065325"
"2280"	"ENSG00000007237"
"2281"	"ENSG00000006744"
"2282"	"ENSG00000109099"
"2283"	"ENSG00000175106"
"2284"	"ENSG00000221926"
"2285"	"ENSG00000011295"
"2286"	"ENSG00000278864"
"2287"	"ENSG00000205309"
"2288"	"ENSG00000175662"
"2289"	"ENSG00000177731"
"2290"	"ENSG00000177302"
"2291"	"ENSG00000176994"
"2292"	"ENSG00000214860"
"2293"	"ENSG00000108448"
"2294"	"ENSG00000188522"
"2295"	"ENSG00000265185"
"2296"	"ENSG00000262074"
"2297"	"ENSG00000142494"
"2298"	"ENSG00000154898"
"2299"	"ENSG00000189423"
"2300"	"ENSG00000141068"
"2301"	"ENSG00000232859"
"2302"	"ENSG00000087095"
"2303"	"ENSG00000109072"
"2304"	"ENSG00000087111"
"2305"	"ENSG00000109107"
"2306"	"ENSG00000076382"
"2307"	"ENSG00000167536"
"2308"	"ENSG00000109118"
"2309"	"ENSG00000167549"
"2310"	"ENSG00000108671"
"2311"	"ENSG00000073536"
"2312"	"ENSG00000166750"
"2313"	"ENSG00000172123"
"2314"	"ENSG00000270647"
"2315"	"ENSG00000271503"
"2316"	"ENSG00000277161"
"2317"	"ENSG00000278535"
"2318"	"ENSG00000278540"
"2319"	"ENSG00000278053"
"2320"	"ENSG00000274211"
"2321"	"ENSG00000275832"
"2322"	"ENSG00000277363"
"2323"	"ENSG00000273604"
"2324"	"ENSG00000277258"
"2325"	"ENSG00000002834"
"2326"	"ENSG00000167258"
"2327"	"ENSG00000172057"
"2328"	"ENSG00000108349"
"2329"	"ENSG00000094804"
"2330"	"ENSG00000131747"
"2331"	"ENSG00000279806"
"2332"	"ENSG00000131746"
"2333"	"ENSG00000073584"
"2334"	"ENSG00000278834"
"2335"	"ENSG00000167920"
"2336"	"ENSG00000171346"
"2337"	"ENSG00000173812"
"2338"	"ENSG00000131473"
"2339"	"ENSG00000168256"
"2340"	"ENSG00000108771"
"2341"	"ENSG00000108773"
"2342"	"ENSG00000108784"
"2343"	"ENSG00000266962"
"2344"	"ENSG00000279602"
"2345"	"ENSG00000175906"
"2346"	"ENSG00000175832"
"2347"	"ENSG00000005102"
"2348"	"ENSG00000161647"
"2349"	"ENSG00000108852"
"2350"	"ENSG00000141349"
"2351"	"ENSG00000013306"
"2352"	"ENSG00000161682"
"2353"	"ENSG00000180340"
"2354"	"ENSG00000161692"
"2355"	"ENSG00000186185"
"2356"	"ENSG00000181513"
"2357"	"ENSG00000184922"
"2358"	"ENSG00000159314"
"2359"	"ENSG00000004897"
"2360"	"ENSG00000167182"
"2361"	"ENSG00000234494"
"2362"	"ENSG00000120093"
"2363"	"ENSG00000159217"
"2364"	"ENSG00000136504"
"2365"	"ENSG00000108813"
"2366"	"ENSG00000154920"
"2367"	"ENSG00000167107"
"2368"	"ENSG00000136444"
"2369"	"ENSG00000141232"
"2370"	"ENSG00000011260"
"2371"	"ENSG00000166260"
"2372"	"ENSG00000166263"
"2373"	"ENSG00000183691"
"2374"	"ENSG00000274213"
"2375"	"ENSG00000121064"
"2376"	"ENSG00000264364"
"2377"	"ENSG00000279207"
"2378"	"ENSG00000182628"
"2379"	"ENSG00000062716"
"2380"	"ENSG00000261040"
"2381"	"ENSG00000266066"
"2382"	"ENSG00000011028"
"2383"	"ENSG00000198231"
"2384"	"ENSG00000108604"
"2385"	"ENSG00000154229"
"2386"	"ENSG00000198265"
"2387"	"ENSG00000278730"
"2388"	"ENSG00000108932"
"2389"	"ENSG00000227036"
"2390"	"ENSG00000179604"
"2391"	"ENSG00000170412"
"2392"	"ENSG00000161513"
"2393"	"ENSG00000170190"
"2394"	"ENSG00000108469"
"2395"	"ENSG00000132481"
"2396"	"ENSG00000161533"
"2397"	"ENSG00000182473"
"2398"	"ENSG00000129646"
"2399"	"ENSG00000176170"
"2400"	"ENSG00000129667"
"2401"	"ENSG00000163597"
"2402"	"ENSG00000182534"
"2403"	"ENSG00000161547"
"2404"	"ENSG00000167889"
"2405"	"ENSG00000141524"
"2406"	"ENSG00000267432"
"2407"	"ENSG00000171302"
"2408"	"ENSG00000167291"
"2409"	"ENSG00000171298"
"2410"	"ENSG00000141527"
"2411"	"ENSG00000181523"
"2412"	"ENSG00000173818"
"2413"	"ENSG00000226137"
"2414"	"ENSG00000157637"
"2415"	"ENSG00000266074"
"2416"	"ENSG00000184009"
"2417"	"ENSG00000185504"
"2418"	"ENSG00000182446"
"2419"	"ENSG00000182612"
"2420"	"ENSG00000204237"
"2421"	"ENSG00000263731"
"2422"	"ENSG00000187531"
"2423"	"ENSG00000197063"
"2424"	"ENSG00000183010"
"2425"	"ENSG00000169710"
"2426"	"ENSG00000275888"
"2427"	"ENSG00000280407"
"2428"	"ENSG00000181396"
"2429"	"ENSG00000176845"
"2430"	"ENSG00000079134"
"2431"	"ENSG00000101574"
"2432"	"ENSG00000080986"
"2433"	"ENSG00000177426"
"2434"	"ENSG00000266401"
"2435"	"ENSG00000088756"
"2436"	"ENSG00000101680"
"2437"	"ENSG00000173482"
"2438"	"ENSG00000154845"
"2439"	"ENSG00000168461"
"2440"	"ENSG00000141404"
"2441"	"ENSG00000141401"
"2442"	"ENSG00000176014"
"2443"	"ENSG00000141458"
"2444"	"ENSG00000168234"
"2445"	"ENSG00000134755"
"2446"	"ENSG00000046604"
"2447"	"ENSG00000134769"
"2448"	"ENSG00000166974"
"2449"	"ENSG00000186812"
"2450"	"ENSG00000186814"
"2451"	"ENSG00000268573"
"2452"	"ENSG00000141429"
"2453"	"ENSG00000141424"
"2454"	"ENSG00000134759"
"2455"	"ENSG00000075643"
"2456"	"ENSG00000078142"
"2457"	"ENSG00000152217"
"2458"	"ENSG00000134049"
"2459"	"ENSG00000134030"
"2460"	"ENSG00000101665"
"2461"	"ENSG00000167306"
"2462"	"ENSG00000141644"
"2463"	"ENSG00000154832"
"2464"	"ENSG00000154839"
"2465"	"ENSG00000141639"
"2466"	"ENSG00000101751"
"2467"	"ENSG00000041353"
"2468"	"ENSG00000091157"
"2469"	"ENSG00000049759"
"2470"	"ENSG00000172175"
"2471"	"ENSG00000166562"
"2472"	"ENSG00000134444"
"2473"	"ENSG00000081913"
"2474"	"ENSG00000206075"
"2475"	"ENSG00000166401"
"2476"	"ENSG00000170677"
"2477"	"ENSG00000263711"
"2478"	"ENSG00000180011"
"2479"	"ENSG00000197971"
"2480"	"ENSG00000226742"
"2481"	"ENSG00000198171"
"2482"	"ENSG00000088812"
"2483"	"ENSG00000171867"
"2484"	"ENSG00000101290"
"2485"	"ENSG00000101311"
"2486"	"ENSG00000125845"
"2487"	"ENSG00000101384"
"2488"	"ENSG00000172296"
"2489"	"ENSG00000089177"
"2490"	"ENSG00000125814"
"2491"	"ENSG00000088325"
"2492"	"ENSG00000171456"
"2493"	"ENSG00000149600"
"2494"	"ENSG00000088305"
"2495"	"ENSG00000078699"
"2496"	"ENSG00000275223"
"2497"	"ENSG00000125967"
"2498"	"ENSG00000101464"
"2499"	"ENSG00000078804"
"2500"	"ENSG00000100983"
"2501"	"ENSG00000125966"
"2502"	"ENSG00000131051"
"2503"	"ENSG00000260032"
"2504"	"ENSG00000080845"
"2505"	"ENSG00000149639"
"2506"	"ENSG00000101347"
"2507"	"ENSG00000166619"
"2508"	"ENSG00000101442"
"2509"	"ENSG00000101447"
"2510"	"ENSG00000204103"
"2511"	"ENSG00000174306"
"2512"	"ENSG00000124177"
"2513"	"ENSG00000124191"
"2514"	"ENSG00000149596"
"2515"	"ENSG00000132823"
"2516"	"ENSG00000101076"
"2517"	"ENSG00000064205"
"2518"	"ENSG00000101098"
"2519"	"ENSG00000124145"
"2520"	"ENSG00000275894"
"2521"	"ENSG00000175063"
"2522"	"ENSG00000204044"
"2523"	"ENSG00000124160"
"2524"	"ENSG00000101040"
"2525"	"ENSG00000124151"
"2526"	"ENSG00000177410"
"2527"	"ENSG00000197818"
"2528"	"ENSG00000101096"
"2529"	"ENSG00000054793"
"2530"	"ENSG00000087586"
"2531"	"ENSG00000124225"
"2532"	"ENSG00000124164"
"2533"	"ENSG00000124222"
"2534"	"ENSG00000124203"
"2535"	"ENSG00000101152"
"2536"	"ENSG00000141934"
"2537"	"ENSG00000070404"
"2538"	"ENSG00000099812"
"2539"	"ENSG00000175221"
"2540"	"ENSG00000064687"
"2541"	"ENSG00000180448"
"2542"	"ENSG00000064932"
"2543"	"ENSG00000167470"
"2544"	"ENSG00000130005"
"2545"	"ENSG00000071626"
"2546"	"ENSG00000268798"
"2547"	"ENSG00000115266"
"2548"	"ENSG00000071655"
"2549"	"ENSG00000130270"
"2550"	"ENSG00000079313"
"2551"	"ENSG00000104899"
"2552"	"ENSG00000099860"
"2553"	"ENSG00000176490"
"2554"	"ENSG00000186300"
"2555"	"ENSG00000104953"
"2556"	"ENSG00000161091"
"2557"	"ENSG00000179855"
"2558"	"ENSG00000006638"
"2559"	"ENSG00000105289"
"2560"	"ENSG00000183617"
"2561"	"ENSG00000167657"
"2562"	"ENSG00000105229"
"2563"	"ENSG00000167676"
"2564"	"ENSG00000171236"
"2565"	"ENSG00000167680"
"2566"	"ENSG00000142002"
"2567"	"ENSG00000127666"
"2568"	"ENSG00000105355"
"2569"	"ENSG00000105426"
"2570"	"ENSG00000223573"
"2571"	"ENSG00000130254"
"2572"	"ENSG00000196365"
"2573"	"ENSG00000212123"
"2574"	"ENSG00000141994"
"2575"	"ENSG00000087903"
"2576"	"ENSG00000125731"
"2577"	"ENSG00000076826"
"2578"	"ENSG00000142459"
"2579"	"ENSG00000214248"
"2580"	"ENSG00000104976"
"2581"	"ENSG00000142303"
"2582"	"ENSG00000181143"
"2583"	"ENSG00000171469"
"2584"	"ENSG00000244165"
"2585"	"ENSG00000130816"
"2586"	"ENSG00000105376"
"2587"	"ENSG00000161847"
"2588"	"ENSG00000079999"
"2589"	"ENSG00000099203"
"2590"	"ENSG00000130164"
"2591"	"ENSG00000161888"
"2592"	"ENSG00000130175"
"2593"	"ENSG00000130159"
"2594"	"ENSG00000171223"
"2595"	"ENSG00000132017"
"2596"	"ENSG00000104998"
"2597"	"ENSG00000072062"
"2598"	"ENSG00000072071"
"2599"	"ENSG00000123146"
"2600"	"ENSG00000123143"
"2601"	"ENSG00000141867"
"2602"	"ENSG00000105127"
"2603"	"ENSG00000167460"
"2604"	"ENSG00000127511"
"2605"	"ENSG00000160113"
"2606"	"ENSG00000127220"
"2607"	"ENSG00000130299"
"2608"	"ENSG00000130479"
"2609"	"ENSG00000130517"
"2610"	"ENSG00000130513"
"2611"	"ENSG00000105662"
"2612"	"ENSG00000051128"
"2613"	"ENSG00000160229"
"2614"	"ENSG00000160352"
"2615"	"ENSG00000197013"
"2616"	"ENSG00000178904"
"2617"	"ENSG00000105186"
"2618"	"ENSG00000245848"
"2619"	"ENSG00000153885"
"2620"	"ENSG00000166398"
"2621"	"ENSG00000089327"
"2622"	"ENSG00000272333"
"2623"	"ENSG00000105290"
"2624"	"ENSG00000205138"
"2625"	"ENSG00000075702"
"2626"	"ENSG00000167635"
"2627"	"ENSG00000167642"
"2628"	"ENSG00000167645"
"2629"	"ENSG00000130402"
"2630"	"ENSG00000104823"
"2631"	"ENSG00000104824"
"2632"	"ENSG00000130669"
"2633"	"ENSG00000123815"
"2634"	"ENSG00000188493"
"2635"	"ENSG00000167600"
"2636"	"ENSG00000105329"
"2637"	"ENSG00000142039"
"2638"	"ENSG00000105341"
"2639"	"ENSG00000105404"
"2640"	"ENSG00000079432"
"2641"	"ENSG00000105429"
"2642"	"ENSG00000124466"
"2643"	"ENSG00000176531"
"2644"	"ENSG00000167378"
"2645"	"ENSG00000167384"
"2646"	"ENSG00000104856"
"2647"	"ENSG00000007047"
"2648"	"ENSG00000007255"
"2649"	"ENSG00000104884"
"2650"	"ENSG00000125753"
"2651"	"ENSG00000125746"
"2652"	"ENSG00000177051"
"2653"	"ENSG00000177045"
"2654"	"ENSG00000268621"
"2655"	"ENSG00000268460"
"2656"	"ENSG00000011485"
"2657"	"ENSG00000105281"
"2658"	"ENSG00000160007"
"2659"	"ENSG00000130748"
"2660"	"ENSG00000197405"
"2661"	"ENSG00000134815"
"2662"	"ENSG00000178980"
"2663"	"ENSG00000142227"
"2664"	"ENSG00000105464"
"2665"	"ENSG00000105447"
"2666"	"ENSG00000182324"
"2667"	"ENSG00000105443"
"2668"	"ENSG00000105516"
"2669"	"ENSG00000063180"
"2670"	"ENSG00000174951"
"2671"	"ENSG00000087074"
"2672"	"ENSG00000087088"
"2673"	"ENSG00000087086"
"2674"	"ENSG00000104812"
"2675"	"ENSG00000063127"
"2676"	"ENSG00000104872"
"2677"	"ENSG00000142552"
"2678"	"ENSG00000126464"
"2679"	"ENSG00000169169"
"2680"	"ENSG00000204673"
"2681"	"ENSG00000169136"
"2682"	"ENSG00000105053"
"2683"	"ENSG00000105379"
"2684"	"ENSG00000198464"
"2685"	"ENSG00000198482"
"2686"	"ENSG00000196417"
"2687"	"ENSG00000179820"
"2688"	"ENSG00000131037"
"2689"	"ENSG00000133265"
"2690"	"ENSG00000108106"
"2691"	"ENSG00000179954"
"2692"	"ENSG00000179943"
"2693"	"ENSG00000213015"
"2694"	"ENSG00000171425"
"2695"	"ENSG00000063244"
"2696"	"ENSG00000142409"
"2697"	"ENSG00000131848"
"2698"	"ENSG00000268205"
"2699"	"ENSG00000188785"
"2700"	"ENSG00000197128"
"2701"	"ENSG00000171606"
"2702"	"ENSG00000083812"
"2703"	"ENSG00000130724"
"2704"	"ENSG00000099326"
"2705"	"ENSG00000215193"
"2706"	"ENSG00000237517"
"2707"	"ENSG00000100075"
"2708"	"ENSG00000242259"
"2709"	"ENSG00000215012"
"2710"	"ENSG00000099904"
"2711"	"ENSG00000169635"
"2712"	"ENSG00000099956"
"2713"	"ENSG00000133433"
"2714"	"ENSG00000099994"
"2715"	"ENSG00000197077"
"2716"	"ENSG00000100099"
"2717"	"ENSG00000100109"
"2718"	"ENSG00000128294"
"2719"	"ENSG00000169184"
"2720"	"ENSG00000183579"
"2721"	"ENSG00000185340"
"2722"	"ENSG00000100280"
"2723"	"ENSG00000184117"
"2724"	"ENSG00000128342"
"2725"	"ENSG00000100003"
"2726"	"ENSG00000184792"
"2727"	"ENSG00000183963"
"2728"	"ENSG00000185133"
"2729"	"ENSG00000100078"
"2730"	"ENSG00000182541"
"2731"	"ENSG00000100150"
"2732"	"ENSG00000100292"
"2733"	"ENSG00000198125"
"2734"	"ENSG00000128335"
"2735"	"ENSG00000100342"
"2736"	"ENSG00000100345"
"2737"	"ENSG00000100350"
"2738"	"ENSG00000100065"
"2739"	"ENSG00000128283"
"2740"	"ENSG00000189060"
"2741"	"ENSG00000100139"
"2742"	"ENSG00000279010"
"2743"	"ENSG00000185022"
"2744"	"ENSG00000100201"
"2745"	"ENSG00000184949"
"2746"	"ENSG00000100211"
"2747"	"ENSG00000100221"
"2748"	"ENSG00000221890"
"2749"	"ENSG00000183741"
"2750"	"ENSG00000100311"
"2751"	"ENSG00000100393"
"2752"	"ENSG00000167074"
"2753"	"ENSG00000172346"
"2754"	"ENSG00000100418"
"2755"	"ENSG00000184208"
"2756"	"ENSG00000198911"
"2757"	"ENSG00000177096"
"2758"	"ENSG00000188677"
"2759"	"ENSG00000093000"
"2760"	"ENSG00000100364"
"2761"	"ENSG00000130638"
"2762"	"ENSG00000188064"
"2763"	"ENSG00000075218"
"2764"	"ENSG00000100426"
"2765"	"ENSG00000184164"
"2766"	"ENSG00000198355"
"2767"	"ENSG00000196576"
"2768"	"ENSG00000100241"
"2769"	"ENSG00000100258"
"2770"	"ENSG00000130487"
"2771"	"ENSG00000275993"
"2772"	"ENSG00000155304"
"2773"	"ENSG00000155313"
"2774"	"ENSG00000154727"
"2775"	"ENSG00000154734"
"2776"	"ENSG00000154736"
"2777"	"ENSG00000156253"
"2778"	"ENSG00000156256"
"2779"	"ENSG00000166979"
"2780"	"ENSG00000205726"
"2781"	"ENSG00000243927"
"2782"	"ENSG00000198743"
"2783"	"ENSG00000159200"
"2784"	"ENSG00000159216"
"2785"	"ENSG00000159256"
"2786"	"ENSG00000159267"
"2787"	"ENSG00000157540"
"2788"	"ENSG00000157557"
"2789"	"ENSG00000185658"
"2790"	"ENSG00000182240"
"2791"	"ENSG00000160183"
"2792"	"ENSG00000160190"
"2793"	"ENSG00000160191"
"2794"	"ENSG00000160199"
"2795"	"ENSG00000142178"
"2796"	"ENSG00000160207"
"2797"	"ENSG00000160214"
"2798"	"ENSG00000184441"
"2799"	"ENSG00000183255"
"2800"	"ENSG00000197381"
"2801"	"ENSG00000160285"
"2802"	"ENSG00000160294"
"2803"	"ENSG00000160310"
