""	"baseMean"	"log2FoldChange"	"lfcSE"	"stat"	"pvalue"	"padj"
"CFH"	337.231914388899	1.14461825072792	0.110869615046469	10.3240031116566	5.48859658715428e-25	1.21313137143375e-23
"ACSM3"	13.5753949125942	1.32582582319334	0.515982310234744	2.56951797938608	0.0101840107030816	0.0241782171733294
"USH1C"	8.21091929942352	-4.85128648713641	1.3103586965043	-3.70225839694	0.000213688817532257	0.000739624410741728
"IL32"	94.1030019478147	-1.05603347597316	0.239000950194147	-4.41853254188032	9.93733194772757e-06	4.3754014878919e-05
"DCN"	761.466918942769	1.14510708887682	0.0739226944803834	15.4906026752136	4.01508956785525e-54	2.85031801785035e-52
"NPC1L1"	24.6757484204325	-1.65636141273694	0.467557418821004	-3.54258396094672	0.000396227267525857	0.00129655566582995
"LRRC7"	77.3665501267519	1.44977622600721	0.188386877095772	7.69573894082961	1.40678774582413e-14	1.67270777269567e-13
"CDH1"	163.142344739759	1.97539226736702	0.149990103257581	13.1701507263759	1.30337206960339e-39	5.5243808514866e-38
"CDH10"	6728.4023294056	-1.09210159750618	0.0451692262830707	-24.1780009837251	3.79116478123565e-129	1.70732736444959e-126
"EPHA3"	1.96548626409387	-5.50145705269164	1.67516219939497	-3.28413395113539	0.00102296289202655	0.00306102953425967
"GPM6B"	139.798009302344	-4.66230447480367	0.375400141961557	-12.4195597008621	2.04684869364673e-35	7.3012714168671e-34
"HDAC9"	39.7219288199674	1.11582355528214	0.276904249455018	4.02963680578476	5.58630971451286e-05	0.000216817423366132
"TNFRSF9"	104.381195197128	-1.60937477880164	0.260463221818299	-6.17889453860921	6.45519966757458e-10	4.85015028203427e-09
"LTBP1"	289.176550913782	-5.15787913500263	0.218620919247352	-23.5927977650067	4.56944544331711e-123	1.68846867393956e-120
"CHRDL2"	41.2226733763509	-1.99778984327274	0.365284881599412	-5.46912818982638	4.52254577426161e-08	2.76866640411572e-07
"SERPINB3"	3.3735936254464	-4.54804046610553	1.49097163574946	-3.05038698058088	0.00228546679364229	0.00633625663008446
"CDK14"	51.2349761204494	-3.49137956624199	0.280653218558299	-12.4401907242576	1.58125900709042e-35	5.66853819681094e-34
"GNA15"	20.9818563516998	-2.61749432369883	0.466761690705916	-5.6077745363811	2.04944764301405e-08	1.30741876863548e-07
"CREB3L3"	12.1329664942084	1.511011966829	0.626407090845204	2.4121884776084	0.0158570819014228	0.0357559704711944
"SLC9A3R2"	595.325277331234	-2.27770439415883	0.106923412990281	-21.30220435786	1.08302760280163e-100	2.36477436120821e-98
"COL17A1"	18.2981513875694	-1.91271469735819	0.495864068524988	-3.85733675571171	0.000114629185619007	0.00041916295203134
"NEO1"	444.905888305553	1.2290814342927	0.0826055316978247	14.8789240748277	4.51705215023426e-50	2.83022776247939e-48
"PHKA1"	698.928028246407	-4.97547068620784	0.180089717635634	-27.6277332849976	5.16835826498643e-168	5.32008649690853e-165
"SPTB"	49.2160065351193	1.38791415285864	0.248413398159565	5.58711471740802	2.308732236762e-08	1.46311082955045e-07
"SLC12A3"	2953.9114600668	2.47189738305663	0.0513688546596442	48.1205469624491	0	0
"SLC6A15"	1.86333247967825	-5.60412235588803	1.77916407180841	-3.14986259260047	0.00163347269543064	0.00467991550971192
"CLCN4"	8.19426574676765	5.28288748303367	0.981233614483832	5.38392428169379	7.28791710964708e-08	4.32384411145015e-07
"FRY"	215.192604629082	1.20220865533257	0.115078882282462	10.4468224880889	1.51516776698868e-25	3.42779948038836e-24
"ATP2A3"	289.878084762418	-2.14453705731302	0.142119846311539	-15.0896381678601	1.89478520910803e-51	1.25255732332366e-49
"NEBL"	473.609483460647	-1.08601351327825	0.103282929555787	-10.5149371532074	7.3729946374985e-26	1.69731989969634e-24
"TNS1"	4598.70670851517	-4.77252793330842	0.0781437978571453	-61.0736624553759	0	0
"DUSP13"	11.6284061470656	-2.11484667601089	0.644105367617167	-3.28338620097928	0.00102568046084263	0.00306788732279019
"RIMS1"	3576.69847048447	1.42782605136829	0.0425621844417434	33.5468226101649	1.00166051320354e-246	1.44349296557762e-243
"IGSF9B"	7.29673482552922	-6.48057123804333	1.29694761938224	-4.99678718029502	5.82933394315957e-07	3.09188558906414e-06
"ATP8B1"	16.435760398325	-1.67455172461728	0.567835829087253	-2.94900680590899	0.00318796955381808	0.00853461438604354
"EFR3B"	2211.59236674396	-1.25056003251973	0.0570963645077165	-21.9026210040171	2.45259094992054e-106	6.09384278953534e-104
"ABCB1"	24.1391910731036	-3.19060363684558	0.442289948706011	-7.21382804691853	5.44004446453279e-13	5.59575166155475e-12
"ALG9"	876.622809129828	-1.34459894732364	0.0671177382053713	-20.0334365143436	2.81542606415672e-89	4.94793963543444e-87
"DNAAF9"	14.5377268820406	-1.23418043087486	0.424172177043875	-2.90962136997307	0.00361866852708182	0.00956680098032949
"P2RX7"	3.44469047601132	3.47605390119206	1.31881584264183	2.63573865948478	0.00839543638378793	0.0202963653291005
"THPO"	8.92512528273743	2.63609320110259	0.780800162078861	3.37614325550862	0.000735096334528012	0.00226695340827802
"NLRP1"	60.3472162857718	-1.91987731490204	0.372134749031895	-5.15909175344841	2.48150685526028e-07	1.37754219149291e-06
"TBX15"	8.73956695852517	1.52776561524183	0.665057062922327	2.29719478284867	0.0216076606209709	0.0468887211577791
"MAGEB2"	12.1305256467264	-5.10979704706509	1.29260244514512	-3.95310798479219	7.71426016276193e-05	0.00029147929524269
"SUSD2"	70.2716543441629	-1.56546484327715	0.209423582183577	-7.47511253009173	7.71378170036796e-14	8.57741574722243e-13
"GGT5"	6.13774096806358	-2.19056781204862	0.770636022486053	-2.84254531079653	0.00447548689258152	0.0115771390430789
"PIK3IP1"	26.786443443404	-1.21283114352554	0.367383237945144	-3.30126967770542	0.000962483222238844	0.00290053235376077
"APOL1"	244.872896612464	-1.24892894093209	0.150820817649216	-8.28087899534463	1.22269382280796e-16	1.68938069803313e-15
"DHRS2"	20.120714768828	-1.20802040103248	0.454588289450903	-2.65739445794269	0.00787472432473652	0.0191531902521144
"PROCR"	1422.9671536982	-1.1863459879757	0.0731361230737274	-16.2210674850752	3.57919546151418e-59	2.83405416460884e-57
"PTK6"	179.410233779172	-3.26174182981818	0.201450286870986	-16.191299007219	5.80891950518761e-59	4.5744447535114e-57
"SLC52A3"	15.1781901307129	3.52652618585027	0.527529675366721	6.6849816238276	2.30953622844361e-11	2.03564076991442e-10
"CCM2L"	14.9054536513213	1.05763885224186	0.44783559327607	2.36166769261208	0.0181929417860364	0.0403413577594354
"MOSPD1"	6246.11850414425	-1.00060428402333	0.0379382871756621	-26.374524484733	2.6861957397734e-153	1.84336984789878e-150
"SMARCA1"	104.383136955207	1.08795006832277	0.168259008192033	6.46592464803489	1.00681242228234e-10	8.23449138337728e-10
"PCDH11X"	2.13276940855658	4.63690255195578	1.5064258959377	3.07808207789036	0.00208337524556926	0.00583397957450559
"SYTL4"	108.105009726841	-8.25623673755682	0.733067129863178	-11.2625930166829	2.00762977391033e-29	5.40784162090127e-28
"WFDC1"	309.061864214366	-3.55505273852732	0.155853630549702	-22.81020163591	3.63178524346858e-115	1.11356717326863e-112
"CRISPLD2"	187.746436361223	-1.05209583274656	0.173540114338139	-6.06255122488037	1.33979116557127e-09	9.77111866753423e-09
"QPRT"	81.8832759526539	-3.05133687763604	0.293577289438878	-10.3936407460813	2.65038788359112e-25	5.94933641595508e-24
"XYLT1"	7.90219137307249	-2.47347351561316	0.845612670422417	-2.92506676180427	0.00344382331524363	0.00914987791223744
"CEMIP"	10.1820025668753	-2.29969492615975	0.628756326212298	-3.65752968246599	0.000254657776580489	0.000867377267383933
"RP1"	12.2831081925439	2.53155220510896	0.593021303794769	4.26890600541573	1.96434017461352e-05	8.2699696921868e-05
"NIPAL2"	108.656997649228	1.11231745248975	0.178312498743317	6.23802291106326	4.43135766915617e-10	3.38961228079669e-09
"TUSC3"	185.989721033107	-3.15472674161892	0.308547631080752	-10.2244400015934	1.54116115088749e-24	3.30501091449994e-23
"DHDH"	2.32525047813518	-4.23907255944267	1.55752859896824	-2.72166595351814	0.00649537628596882	0.0160910600552872
"EBI3"	7.0308837850555	-2.94858504898732	1.20697256479886	-2.44295946319103	0.0145673734286619	0.0332115833697907
"CPED1"	57.2750286237752	1.8447818972293	0.223993029988198	8.23588973874097	1.78228029113049e-16	2.42077674603973e-15
"SERPINE1"	1388.37936932453	1.05010869800692	0.0829897480172092	12.6534749543904	1.0703384014007e-36	4.0378656289491e-35
"AGR2"	1310.4610138266	-1.04807735456963	0.0656503751701469	-15.9645295530044	2.25737311855737e-57	1.71215810587001e-55
"TGFBR1"	30824.0597706595	-1.08879959979717	0.0256006713091501	-42.5301190991823	0	0
"CA9"	149.038275860951	-2.16803174448457	0.42701045944077	-5.07723334768873	3.82970421421493e-07	2.07558734227346e-06
"GLIS3"	133.082570588468	2.40790581540827	0.164000855230449	14.6822759675537	8.37320800755784e-49	5.00690043970606e-47
"RASSF4"	7.79221330586131	-2.69021031792724	0.768150137342573	-3.5021933696895	0.000461444586321942	0.00149469047729501
"UNC5B"	740.034601284305	-1.95435610940177	0.0896193865839091	-21.8072917467689	1.97846343012186e-105	4.59865104701389e-103
"CDH23"	3.31762087769204	-2.65883798001409	1.14768390834252	-2.31669884075832	0.0205201427729538	0.0448461900972152
"VSIR"	578.782698537039	-1.03934407455832	0.0838253325196803	-12.3989257580852	2.64850373991218e-35	9.40088359504297e-34
"LIPA"	2771.34410134164	-1.22781625391643	0.0519233363100779	-23.6467134273518	1.27588817196891e-123	5.10745123506778e-121
"SFXN3"	3247.94033276769	-1.1446034092943	0.0448143802251109	-25.5409849147695	6.9150162088596e-144	3.83278071484137e-141
"PITX3"	66.9822898874919	-1.2855008343401	0.260390626331551	-4.93681686030928	7.94079749186197e-07	4.1636010853544e-06
"SORCS1"	33.4191699762787	-2.73226291572156	0.913867175697269	-2.98978121589375	0.00279177331928877	0.00757384135999067
"DNAJC12"	832.661644497525	-1.16171007771808	0.0720548688105753	-16.122575710631	1.77072487693679e-58	1.37934682170465e-56
"RNF43"	157.39524226747	1.60576225043672	0.139706750207342	11.4938057613792	1.41727542784027e-30	4.00477572364827e-29
"ALDH3A1"	252.076670516155	1.11377515500136	0.107190169285181	10.3906464783924	2.73493011624291e-25	6.12956110500413e-24
"ICAM2"	16.0554242597254	-4.23084299974523	1.29608444950307	-3.26432664273333	0.00109724586675026	0.00326432910523079
"ASIC2"	4.28458222324139	2.88746598396949	1.26433768100677	2.28377752822352	0.0223846089908776	0.0483780144222461
"CCL2"	55.8470208726021	1.34348143265023	0.25954743867834	5.17624615943609	2.26394715899321e-07	1.26309494805463e-06
"INPP4B"	13.4451584370832	-1.63296092670039	0.663045720885447	-2.46281798564313	0.0137849875529843	0.0316330343353593
"SLC1A2"	23.8102208454203	1.0774453921828	0.327555998228171	3.28934715899255	0.00100420079598752	0.00300988720278206
"SELPLG"	53.6544512653706	-1.07787182730229	0.300219854980403	-3.590274958239	0.000330329321523523	0.00110168383533337
"SLC6A12"	10.8832672950611	1.30542288840189	0.546680639410054	2.38790766362355	0.016944598443941	0.0378939491271933
"PRR4"	152.560992382909	1.03006078368704	0.212123830542679	4.8559408957109	1.19816438893467e-06	6.1207894395383e-06
"ALDH2"	21.4918341028511	-1.06030532757488	0.440481440199667	-2.40715097347633	0.0160775219265347	0.0361625048358501
"OAS2"	16.9640338642145	-1.01215659576781	0.407540441444353	-2.4835733901172	0.0130071528959897	0.0300538849421368
"MGP"	655.120964348484	1.03472141536265	0.0741247930092989	13.9591811775157	2.76593306947218e-44	1.39859163032153e-42
"FZD10"	248.886693088659	-1.84999778851009	0.170674011054511	-10.839364336022	2.24022184129454e-27	5.48112681746953e-26
"FRK"	703.721144744485	1.10994690258282	0.0809029527495456	13.7194856907007	7.76139956096554e-43	3.74078692552088e-41
"MAK"	20.6386138553288	1.12693423568688	0.39137141848805	2.87944950104038	0.0039837009093808	0.0104134071839446
"ARFGEF3"	34.5039916128828	-2.2769232845322	0.292728912330308	-7.77826579003232	7.35254691048093e-15	8.91898598711622e-14
"PCDHB15"	6.01821959723104	1.68618517184192	0.696993702820515	2.41922583377505	0.0155535805908133	0.0351596313559546
"BCHE"	36.6115911179384	-1.11902274342828	0.274954034325489	-4.06985388002558	4.70426332846548e-05	0.000185075454071843
"NEK11"	72.0431528651415	1.42180269502223	0.225434584428967	6.3069413179158	2.84603672931271e-10	2.22903452750682e-09
"OTOF"	6.57459880895083	-4.38603837473553	1.30834789153634	-3.3523487163534	0.000801290207227619	0.0024542812277061
"SLC30A3"	8.63888514684193	-5.96840486873849	1.29917529014567	-4.59399506287508	4.34839670125271e-06	2.02798527060689e-05
"CLIP4"	184.671661750184	1.05253147461613	0.16053661204838	6.55633292110917	5.51470416958837e-11	4.63936963152002e-10
"EVA1A"	208.008096939025	2.06036763364736	0.139130442867284	14.8088915063164	1.28339326253851e-49	7.97197427001831e-48
"ST3GAL5"	100.18050066809	-1.45284892588268	0.197983429073633	-7.33823498603181	2.16428940998685e-13	2.30692120468347e-12
"IL1RL1"	138.400446193927	-4.01354431455229	0.371641666580086	-10.7995003668067	3.46081627639834e-27	8.36809116764707e-26
"ID2"	358.836889916103	-1.24037754248466	0.107166552101873	-11.5742973731724	5.56251058703271e-31	1.59050277916128e-29
"PARD3B"	280.216081844853	1.08368688465862	0.134843399696872	8.03663276878769	9.23408854631678e-16	1.1945462301703e-14
"KLF7"	594.630035052835	1.0103887030108	0.0823165113198609	12.2744354299064	1.24255516544938e-34	4.2634434498312e-33
"PPL"	2745.83420181806	-1.55691644894095	0.0564579946612154	-27.5765453286724	2.12700896790777e-167	2.04348841576793e-164
"CNRIP1"	52.4633073158433	1.26396748895396	0.237409200797279	5.32400380738927	1.01507780212367e-07	5.9104186692542e-07
"ELOVL3"	375.070395614926	-1.11996960825148	0.105879301981836	-10.5777955397138	3.77741087259953e-26	8.82273388736334e-25
"IFIT2"	737.717573084201	-1.03457749257812	0.0676558012257578	-15.2917779973646	8.67490561220487e-53	5.98153419987964e-51
"PYROXD2"	268.417138731722	-1.14090369416603	0.130991328649487	-8.70976503504993	3.04505329015775e-18	4.63871701527096e-17
"CD274"	5.81534332849316	-2.38991759152253	0.832776577805739	-2.86981845457237	0.00410707530917861	0.0107029045715322
"PLEKHG1"	640.290511989158	-1.08812838479057	0.0952212563360567	-11.4273684958569	3.05218685040825e-30	8.54078926237539e-29
"TAS2R8"	5.3290458194559	2.20925103087295	0.828620019209638	2.66618109586611	0.00767183541910899	0.0187039113897445
"MAPK8IP1"	36.2551856124976	-1.40609103552575	0.304886988819608	-4.61184336192744	3.99113709366303e-06	1.87288429361048e-05
"TNFSF10"	19.9889456270817	-4.43331574104974	0.530375845662763	-8.35881908519009	6.33491707236306e-17	8.91528221970939e-16
"TMEM54"	1.722259319737	-3.81582047635969	1.67280373701521	-2.28109274980953	0.0225429590752598	0.0486618608798036
"SRGN"	4194.94748488774	-1.43439607399946	0.0403490841775994	-35.5496562867664	8.4108971627198e-277	2.4241887802391e-273
"SSPN"	11.0647124683094	1.32368585017299	0.497914219052858	2.65846163761085	0.00784982868181817	0.0191087637050138
"NECAB1"	6.57718396599903	2.72605154042475	0.766178156164605	3.55798650547679	0.000373708507546996	0.00123125589900772
"MMP19"	35.669677399343	-1.19022527444298	0.352788461683797	-3.37376474491894	0.000741477071559786	0.00228516383196067
"KCNJ2"	18.3095222612438	1.2110026931748	0.450357943575058	2.68897820156463	0.00716710992157312	0.0175895814621977
"INHA"	69.664815980779	-1.72387845543937	0.287747264806952	-5.99094645294339	2.08623327708935e-09	1.48835186911558e-08
"POF1B"	1.58305555253894	-5.16907168236402	1.70312395205209	-3.03505313053452	0.00240493317047842	0.00663174357439046
"EFNB2"	23.0964767737407	2.13639777885471	0.393216276744869	5.43313668635562	5.53719591792197e-08	3.33179667528908e-07
"BMP4"	73.1031854635051	1.31895534477582	0.204885662395433	6.4375190013551	1.21442124590709e-10	9.83756299874481e-10
"PLGLB2"	14.8855619606659	1.36854546481866	0.451570784354265	3.03063331870693	0.00244041421897791	0.00672572371575648
"IL37"	5.32345228238539	2.65907474778794	1.03251827595555	2.57532947329875	0.0100144641424767	0.0238086660211382
"C3"	5772.38910128354	-1.19749807703144	0.0439052292499462	-27.2746116462405	8.48795082498391e-164	6.43788733362332e-161
"GPCPD1"	2706.52158093094	-1.0230079065464	0.119951719396487	-8.52849722949755	1.48261048772255e-17	2.16473148313776e-16
"BMP2"	7219.65522578733	-1.33291380242473	0.0763810978228818	-17.4508332613337	3.3924745588351e-68	3.46730147995551e-66
"MCF2L"	184.876297259377	-2.73827036716958	0.200058642017463	-13.6873385701107	1.20855375363484e-42	5.74800928832728e-41
"AIF1L"	1468.98617799352	-1.17655414642777	0.0509862668355814	-23.0759029724981	8.08445032063311e-118	2.64784121751463e-115
"AVPR2"	44.2638565547868	-1.57832132365218	0.431887554430031	-3.65447280770828	0.000257710973653322	0.000876947542223854
"WFIKKN1"	509.724417204451	-1.06445101469348	0.0976085576333175	-10.905304212078	1.08728972435813e-27	2.7015400375388e-26
"APOL3"	55.766614872563	-1.57747524687916	0.280495170933241	-5.62389449212519	1.86699706190541e-08	1.19419860892672e-07
"RAC2"	7.28243201285484	-3.05438209471071	1.21356880195304	-2.51685943952678	0.0118406056086816	0.0275885153478917
"KRT17"	2620.8720239018	-2.20203216940902	0.0798660260896907	-27.5715755149267	2.43984487395989e-167	2.19753777991475e-164
"ISLR"	15.8125428946035	-1.94829423142874	0.52032105474643	-3.74440782985076	0.000180819739564643	0.00063602471732147
"LOXL1"	2.52764542984504	-5.9280184504628	1.57602144990316	-3.76138183324032	0.000168977246783076	0.000598459352025289
"FGF13"	5.02401441921573	-3.93101851213077	1.01198213014427	-3.88447423628947	0.000102551566127803	0.000378746955271083
"CDH15"	23.8777179865212	-1.1896490331257	0.400548327078879	-2.97005118408951	0.00297750134625494	0.0080278338448793
"CBFA2T3"	761.979195612016	-1.12804718246973	0.0725131710750357	-15.556445342908	1.43870360370999e-54	1.03150037975446e-52
"UNC13A"	258.701443227163	-1.19853824457332	0.122182780030964	-9.80938757711672	1.02589276681141e-22	1.98979012954497e-21
"KLHDC7B"	150.471831010392	-1.4097300000659	0.20450982223559	-6.89321414812989	5.45456656984981e-12	5.10427005442244e-11
"OLFM1"	3.9889316216304	-2.44066271818115	1.00072615029358	-2.43889171624539	0.0147323820540398	0.0335294311087757
"TUBGCP2"	3870.35239975734	-1.01737300831726	0.0370496283995182	-27.4597358264054	5.31613029313042e-166	4.50651492084133e-163
"CALY"	10.981775087147	-2.43504389336025	0.860883174025046	-2.8285416265894	0.00467606194889482	0.0120484049249997
"FIBCD1"	690.381932985732	-1.33462195579219	0.0882787963217794	-15.118261818245	1.22739796466935e-51	8.22699165993022e-50
"SMPDL3B"	45.210850221951	-2.00940481582481	0.371302449398488	-5.4117736607449	6.24035350058896e-08	3.73772794251818e-07
"SH3BGRL"	708.831078788271	-9.80855304806068	0.835470151242733	-11.7401597573184	7.933644464057e-32	2.35250515167748e-30
"MAP1B"	84.9518091193618	1.61384397339853	0.206569756110128	7.81258594572842	5.60264142174424e-15	6.8949330084335e-14
"CARD6"	34.1339227158134	-1.58234046554902	0.306253306191245	-5.1667702309176	2.38173756826148e-07	1.32470938233177e-06
"ITGB4"	25.8886872386159	-1.75143194551444	0.374435923860616	-4.67752112953352	2.90363662499863e-06	1.39574088478142e-05
"EPHB2"	23.1743965568911	-4.70792916468471	0.659485879245144	-7.13878691394192	9.41581643304543e-13	9.45584185481657e-12
"FAM83F"	14.7887404963185	-1.06173039063093	0.435401086567818	-2.43851111856505	0.0147479049987882	0.0335585158637776
"NTS"	17.4361767230563	-7.20043636875893	1.22954851946002	-5.85616285555055	4.73683741196999e-09	3.22601908997635e-08
"ADAM20"	8.88775559607691	1.56789129962528	0.623387618940772	2.51511459641974	0.0118993698721965	0.027703040263041
"MRO"	87.3511576012108	-2.18949028008637	0.225964041029689	-9.68955179819383	3.3399110945848e-22	6.25083880312488e-21
"CD180"	96.6943528177864	-5.56609248110802	1.20320608197121	-4.62605081914904	3.72703887008864e-06	1.7604181303457e-05
"IRAK2"	149.023530002865	-1.01714341126302	0.170713347305268	-5.95819499364733	2.55039102053555e-09	1.79636779066167e-08
"FST"	52.4068520292538	-1.70478430194069	0.294943318309125	-5.78004042171226	7.46826796328087e-09	4.96884624279042e-08
"IL15RA"	166.758703199323	-1.08333109169416	0.156817485411322	-6.9082289443212	4.90741555474369e-12	4.59822923013077e-11
"OASL"	1807.48210938859	-1.09714515959347	0.0480878803686621	-22.8154194192443	3.22348855872336e-115	1.00986290477744e-112
"CGA"	23.9386011707786	-7.51361744210204	1.21269934498771	-6.1957792532478	5.7997364186813e-10	4.3850997654573e-09
"DYSF"	327.654842882136	-1.0001974402392	0.11218837828283	-8.91533914250607	4.86325511058471e-19	7.74412921531893e-18
"RNASEL"	176.352452618954	1.29691251711982	0.141280754204207	9.17968285507073	4.32362914062447e-20	7.30455094320507e-19
"NPL"	150.214634027042	1.62916516999216	0.135038529752871	12.064446887667	1.6275214146529e-33	5.23531497914351e-32
"EDNRB"	46.3411863696079	-4.42761865304473	0.440002069693089	-10.0627223324951	8.07344080548487e-24	1.66685322991178e-22
"IL6"	334.078135010743	-2.63264487459698	0.226295534365847	-11.6336580921691	2.7792659193189e-31	7.99441140984126e-30
"NACAD"	13.2453464576497	-1.72089017101542	0.586382363610866	-2.93475772432581	0.00333808212776151	0.00890670274822645
"NKX2-1"	33.5057114842095	1.44016049569971	0.323467169017057	4.45226172435377	8.49705071016782e-06	3.78546400377264e-05
"CIB2"	25.9406276975875	-2.89100038477798	0.554368237288413	-5.21494593362483	1.83870857215285e-07	1.04083928425511e-06
"ENPP2"	3.3997648002187	3.36578743806937	1.26821271805111	2.6539612717665	0.00795529567916885	0.0193348024678415
"POU2F3"	344.010658488693	2.36780609383948	0.119300999889286	19.8473281534679	1.16218543643159e-87	1.9032107186836e-85
"THBS1"	7207.17110360819	1.1308921739611	0.0912221842510332	12.3971179077341	2.7089269619414e-35	9.59173131413697e-34
"ITPKA"	158.873376801827	-1.06705436145954	0.149652550323082	-7.13021167468174	1.00214690302565e-12	1.00453210640369e-11
"CLCA2"	5.86801253547805	-3.08768895488376	0.940234525093521	-3.2839561539996	0.0010236084604461	0.00306232541488244
"EMILIN1"	24.497061101094	-1.43534104583837	0.405085198228043	-3.54330657381942	0.000395143057160851	0.00129330152095049
"MFSD13A"	788.533817716035	-1.35168291540625	0.0733960931890121	-18.4162788055401	9.72647120969374e-76	1.14891948035161e-73
"TACC2"	7243.5138454594	-1.23497484368715	0.037427202841501	-32.9967176258694	9.05244045305831e-239	1.18595199426385e-235
"PLCE1"	64.7463981329967	1.14643856751175	0.242981508387085	4.71821322997716	2.37925048858643e-06	1.15874886079821e-05
"ADAMTS14"	7.59321954403486	-6.29536528125689	1.31744137534776	-4.77847849555746	1.76626649061609e-06	8.78924944622532e-06
"HCN4"	40.9230689830671	1.2548457220857	0.260322982190031	4.82034168297015	1.43312550186265e-06	7.23896656408783e-06
"PCDH10"	7.84225912523769	-7.67798551754178	1.30092227102936	-5.90195562680818	3.59217791907146e-09	2.49118748757164e-08
"CDKL2"	30.5955787718466	4.80042215713867	0.755599396553786	6.35313127436697	2.10975521135602e-10	1.67329016790597e-09
"ENPEP"	21.6851602392611	-1.22551092897635	0.406883931532342	-3.0119423108232	0.0025958192411307	0.00710644967399973
"PRICKLE1"	4.9314483060131	6.13893915931192	1.37489607374155	4.46502050340855	8.00610843604908e-06	3.57914885769318e-05
"SLC38A4"	9.54296145309273	1.99289302268618	0.594590291746237	3.35170797497097	0.000803146883099813	0.00245944533199137
"PTPRQ"	69.5280066025695	1.10327927676115	0.218104368238573	5.05849234323604	4.22584214246244e-07	2.27828698522358e-06
"LUM"	22.1399174853861	-5.14958187773139	0.66472772474284	-7.74690401205032	9.41600789883991e-15	1.13361812723627e-13
"FOXN4"	49.2381825118825	1.13056297259652	0.280764818287737	4.02672592489091	5.65588940211657e-05	0.00021904601497958
"RDH16"	23.5768248885301	-1.38570841054657	0.456143813082078	-3.03787614959325	0.00238251851962069	0.00657748551460801
"SRRM4"	4.59847286420755	1.90124129269692	0.825336280003914	2.3035959266057	0.0212453367271718	0.0462417380418777
"KCNH5"	25.9720981053239	-7.51840758361218	1.06028804059136	-7.09091048449334	1.33232507461855e-12	1.32050458392902e-11
"FGF7"	260.159103919577	-3.89967408765975	0.164318843518572	-23.732360842833	1.67142634622766e-124	7.08438972808437e-122
"ARRDC4"	48.0835106468046	-8.72207500585145	1.1984305935834	-7.27791417588214	3.39020885967902e-13	3.56355214273044e-12
"HAPLN3"	67.1507697479534	-2.90109252669306	0.474426954297541	-6.1149403515417	9.65930865182173e-10	7.13481788730922e-09
"CHST4"	5.26348196040319	3.32639906717198	0.888819593992065	3.74249070301399	0.000182205275941137	0.000640429324777492
"NUDT7"	76.2609622203896	1.42445218465117	0.215368240304533	6.61403084613116	3.73993757133076e-11	3.21960814459066e-10
"ABCA8"	5.99940030969419	-7.12282514977299	1.32406196852124	-5.37952552003892	7.46824080442785e-08	4.42354370047718e-07
"CARD14"	1536.82982848916	-1.09765989166192	0.0738530527858716	-14.8627558409056	5.75099249326806e-50	3.58777284937169e-48
"MAPK4"	1546.3244343339	-5.58414220587574	0.163925248718478	-34.0651745202829	2.41966532583074e-254	4.35872462631836e-251
"STAC2"	54.4432198551954	-2.14901769261544	0.318462541420598	-6.74810193697852	1.49791699926913e-11	1.34327827482685e-10
"CACNA1A"	17.400503369189	1.191670284114	0.472341102057289	2.52290194294687	0.011639085108181	0.0271716921260321
"HUNK"	1.70982977793972	-5.34971998602128	1.73448815059193	-3.08432201407405	0.00204016642571894	0.00572334793868709
"COL6A1"	105.2154592155	-2.36691453071323	0.258056051152858	-9.17209466756972	4.63915340476053e-20	7.81014482663599e-19
"RCN3"	582.395395878803	-1.69971809456841	0.0916484058671142	-18.5460737531313	8.77310124576276e-77	1.09938401784945e-74
"CFAP74"	1.52860888315429	-4.13267879767756	1.78411073844841	-2.31638020478013	0.0205375186054289	0.0448773586994445
"PADI3"	18.8610381546328	-1.23017278808705	0.415619095662956	-2.95985627446881	0.00307782594298764	0.00826584973246272
"IL22RA1"	21.4034599264365	-2.575921330456	0.535032528553877	-4.81451349774635	1.47558930454198e-06	7.4326170806552e-06
"NBPF3"	105.454021282043	1.44214062017028	0.170439789378432	8.46129079031106	2.64434112197775e-17	3.79180098595238e-16
"SLC44A3"	17.7802042113882	-1.72422262855378	0.555939199781702	-3.10145898909597	0.0019256954477072	0.0054382122470916
"TBX19"	23.7520020937078	1.15868839254391	0.360711888338878	3.21222679374338	0.00131710355270833	0.00383837801781187
"RGS16"	29.6655464620155	1.40829180357052	0.338734377626274	4.15751071219672	3.21734193573147e-05	0.000130092914241937
"HMCN1"	93.9458846705897	1.62865643386195	0.194214991631465	8.38584302983378	5.03635033697797e-17	7.14358707738086e-16
"RGL1"	36.3744026245738	1.05312434805833	0.276314534433092	3.81132447563426	0.000138224187348747	0.000498111718900423
"ADAMTSL4"	2935.39211307958	-1.09247951059246	0.0647491266693504	-16.8724980055924	7.16990776094546e-64	6.37811979894969e-62
"HORMAD1"	4.97663144898188	-6.90094372680066	1.3950105031692	-4.9468758200193	7.54140518185406e-07	3.96929109115043e-06
"ITPKB"	177.854024566264	-6.22413592589151	0.475596806691909	-13.0870010864549	3.90732588672956e-39	1.62741252467225e-37
"PPFIA4"	43.0963016462898	-1.00815909465922	0.330268023944855	-3.05254829885546	0.00226907211984262	0.00629443663504369
"GALNT13"	2.48700901874187	-3.96858413521484	1.58911510636341	-2.49735473492332	0.012512371854741	0.0290129993240019
"SPAG16"	187.506319536107	-1.10921606740231	0.134054788413898	-8.27434872357992	1.29159636404516e-16	1.77776458474258e-15
"MARCHF4"	18.2770907364622	-2.43968356235839	0.83975538587584	-2.9052312177955	0.00366981890984532	0.0096789458839277
"PTPRG"	32.3675712828747	1.68587779823697	0.364318714553474	4.62748063959123	3.70140821094026e-06	1.75003260262008e-05
"IL17RD"	36.8776982638447	1.12806537660249	0.267279654592197	4.22054337926933	2.43714151926102e-05	0.00010057745256034
"COL8A1"	350.8591503969	1.18485331553256	0.09803911770871	12.0855158963481	1.25976937570017e-33	4.08885956603944e-32
"MARCHF1"	12.4380387799044	2.55017147317895	0.601289627951754	4.24116990320605	2.22357730889451e-05	9.25858786433943e-05
"GLRA3"	5.11182366891685	-2.94452445268177	1.23220551993989	-2.38963744686472	0.0168650120252152	0.0377393925924498
"NKD2"	235.252828346807	-2.25396117060097	0.154421000355105	-14.5962088408816	2.9690294534723e-48	1.73225439084977e-46
"ADAMTS16"	51.8425548840987	-8.37324888262451	1.19807065580714	-6.98894413450386	2.76962669237754e-12	2.65379589520297e-11
"ANKRD31"	33.8443596020409	1.08386532802408	0.322716652371505	3.35856647018126	0.000783478760189322	0.0024022792368273
"RASGEF1C"	13.9081163931091	-1.30077567085393	0.496490650680012	-2.61993991039376	0.00879452618377304	0.0211511877226891
"RSPO3"	17.5747882280522	-7.43103839469458	1.2187064456583	-6.09748017758338	1.0775347620706e-09	7.93883101032688e-09
"LPAR4"	1.2126848698666	-3.97099529920276	1.74987170433457	-2.26930653794006	0.0232496912347101	0.0499852753070875
"ST18"	9.7250661380993	1.35544250745179	0.541962443317225	2.500989734926	0.0123846768051625	0.0287492876029633
"FAM83A"	2670.09399727344	-2.06809696779524	0.0543695773927983	-38.0377605816958	0	0
"ZNF462"	36.4766435774253	-1.72891233343979	0.345355861326112	-5.0061763156445	5.55219031751476e-07	2.95140592643693e-06
"LCN2"	8.46379530215777	2.76760136967513	0.973102656189474	2.84410010811465	0.00445370524371977	0.0115290724388801
"ADIRF"	193.277083376951	-1.32893487182632	0.163421237471095	-8.13195942211229	4.2240623024364e-16	5.58467539820284e-15
"ITPRIP"	4700.60547293957	-1.30136200484074	0.0638398927610607	-20.3847774261066	2.28252258046e-92	4.16372568443153e-90
"ZNF214"	12.2478016839158	-4.7678281950401	1.09551295797507	-4.35214221824713	1.34813761087009e-05	5.82723788549758e-05
"GLB1L2"	76.35619585486	1.37214201232607	0.1823574980047	7.52446171580346	5.29379615097409e-14	6.00227351154112e-13
"MKX"	786.598783381112	-1.42339294987836	0.074097569444948	-19.2097117427839	3.06965712112424e-82	4.46836654267893e-80
"CTF1"	16.0067801632857	-4.83886542991382	1.09072803501063	-4.43636293795882	9.14915429599519e-06	4.05188883096456e-05
"FAM124A"	4.57284883509433	-3.68706444074052	1.38581461579674	-2.66057551905725	0.00780072316788997	0.018995644064289
"DLG2"	856.545550029655	-1.93747903993143	0.0876779581272735	-22.0976751890023	3.32764348975484e-108	8.71903096924673e-106
"CCL28"	17.7781730298425	1.33297909331203	0.418430991137431	3.18566053075696	0.00144423953592924	0.00417873637757386
"TCF7L1"	13.9573094213741	1.61532525219412	0.45559857125396	3.54550113655582	0.00039186729776084	0.00128491459113344
"IGSF10"	8.84991073385042	-1.43955623366701	0.598604388286516	-2.40485412709333	0.0161789224128584	0.0363593594633103
"SPEF2"	116.19528937088	1.14789106507483	0.183951047918753	6.24019856403224	4.37015783406926e-10	3.34635199504634e-09
"CNTNAP4"	749.000673062512	1.14369422957588	0.088355996916546	12.9441607755965	2.53518477182751e-38	1.02051809348621e-36
"PTPRR"	118.201616804469	-2.61491208712973	0.232871479507901	-11.2289924582242	2.9380969538541e-29	7.82641685803908e-28
"SCN3A"	1.57329161352828	-4.33732720962205	1.75510557950412	-2.47126284610611	0.0134636818998999	0.030989477696767
"CDH12"	150.904714014075	1.4523609104645	0.143048361123638	10.1529363849839	3.21540404982389e-24	6.76455295795796e-23
"PITPNC1"	1475.48841513276	-1.15458176008175	0.0598355953626565	-19.2959015964321	5.8141898647443e-83	8.81982001482422e-81
"UCHL1"	2.60763003262619	-5.17039355588397	1.43910063462111	-3.59279499396873	0.000327149966312093	0.00109133290845453
"C10orf90"	60.1293840419715	-1.19578082646472	0.314318530437228	-3.8043599427668	0.000142171324722511	0.000511185369405218
"SORBS2"	474.807478540717	-2.50928872171424	0.112910074336971	-22.2237806187735	2.02302477582787e-109	5.71643334205009e-107
"TMPRSS15"	2.07635977381412	-5.59870281476977	1.66415933756721	-3.36428290752156	0.000767428328453509	0.00235707792867509
"FMN2"	221.23813004063	1.03915181892693	0.120976289412432	8.58971476124763	8.71854968535145e-18	1.29395488687538e-16
"UGT2B4"	4.52781981059167	6.0256210242304	1.40779020542208	4.28019814388736	1.86726992598621e-05	7.89358372055947e-05
"PCDH1"	855.674064155589	-1.29981877173039	0.0762573244091637	-17.0451662420795	3.79663122851507e-65	3.57602958393011e-63
"HK1"	925.385595357478	-1.1319420415219	0.0718812695052723	-15.7473852272305	7.1580389978646e-56	5.34479274602211e-54
"GLYATL2"	13.3808341260072	1.70834587629992	0.457843020072147	3.73129173407671	0.0001905004623692	0.000666012169627011
"NMNAT2"	11.2632719658752	-1.9258641346813	0.798103241974053	-2.41305138658227	0.0158195890405666	0.0356825947196127
"NRG2"	22.2069465041151	-3.61885828304497	0.717139714888686	-5.04623884009365	4.50592082282981e-07	2.42113441378823e-06
"ADAMTS4"	810.292677224593	-1.24170504717888	0.0889798144158645	-13.9549071363031	2.93684001734407e-44	1.47981823391418e-42
"MPZ"	19.0401335143082	-2.38163072116538	0.587158001747877	-4.05620073996376	4.98773966083809e-05	0.000195427722273893
"CACHD1"	36.371013943692	1.09529575888828	0.26698467556828	4.10246676726643	4.08768582343883e-05	0.000162414227740769
"CIART"	2.53026101664286	3.11812748889449	1.32303632622745	2.35679658001956	0.0184333414184067	0.040811627466686
"C1R"	212.75126444036	-1.29219426824915	0.126482332928057	-10.2164012817834	1.6744208996103e-24	3.55900878824249e-23
"ADGRG5"	18.1206451552441	-1.83631137684978	0.572626393922764	-3.20682280163541	0.00134209637036817	0.00390489618279339
"SPON2"	58.6496250851306	-2.65882845565472	0.345413362972183	-7.69752632838599	1.38725512689503e-14	1.65351325478088e-13
"C16orf86"	22.4714790117647	-1.04099702853216	0.379120110725726	-2.74582381435646	0.0060359168726078	0.0150777601059371
"SLC2A6"	13.1673157682727	-1.88565468655206	0.617589309591576	-3.05325020570561	0.00226377102910471	0.00628214987491393
"FBXO27"	119.666968963321	1.23876785541389	0.205564666470205	6.02617111532366	1.67889432960264e-09	1.20912274782127e-08
"NPHS1"	10.6743320497751	-1.58402904344167	0.572354111605266	-2.76756820877723	0.00564762260304238	0.0142087795622283
"CYGB"	24.0165632489386	-1.1271858975327	0.378543145313555	-2.97769464719544	0.00290425167588369	0.00784941472645966
"CXCL16"	23.9867490809223	1.37021521639522	0.397247475873815	3.44927356273615	0.000562096937824968	0.00178265382284234
"BCL6B"	232.710631165714	-1.38873225650234	0.135519122214827	-10.2475003808016	1.21443503818912e-24	2.61994361307536e-23
"FBLIM1"	105.906104963611	-2.65924997689851	0.195727390987213	-13.5864988721596	4.81571407787125e-42	2.26056207088608e-40
"AKNAD1"	24.1916977814328	1.00496456283761	0.351129772740801	2.8620887229049	0.00420859076361854	0.0109417285755921
"GBP2"	52.1576006720396	1.93009034468323	0.276880517565247	6.97084201393259	3.15049612867492e-12	3.00077988832348e-11
"KCNT2"	74.2155524516605	2.83586683303456	0.213204023623978	13.3011881522278	2.27819024890823e-40	9.94878778091409e-39
"OLFML2B"	5.64037962169041	2.0907356051435	0.719887294557737	2.90425406997625	0.00368129289106456	0.00970387998045205
"DENND2D"	21.0166381114665	-2.28398650266677	0.557579667280226	-4.09625141786043	4.1989390596159e-05	0.000166559071808766
"KIF26B"	8.83348741302717	2.09400366785145	0.73005433022509	2.86828470314782	0.00412703975135217	0.0107490999198872
"DISC1"	44.2101762984091	1.63855280355523	0.304723046465017	5.37718699836948	7.56585829595172e-08	4.47768311716469e-07
"INHBB"	11.5145945013547	1.41918478118417	0.570557302450161	2.48736590538711	0.012869295911588	0.0297544398174065
"S100A9"	18.2254394094134	-1.60628952560657	0.424910938642658	-3.78029695055094	0.000156641422384869	0.000558417013011647
"ALPP"	3816.65341859541	1.48057355492543	0.06043292676109	24.4994514460402	1.49716070730806e-132	7.70556534036304e-130
"ALPG"	25.5443371794912	1.3448222515819	0.351475552172343	3.82621847599367	0.000130126810622215	0.000470933568025299
"INAVA"	4.59381317299657	2.34124602712103	0.838697275866032	2.79152692454316	0.00524599928978638	0.0133474745348008
"DPPA2"	14.6658009491251	-4.03537906974247	0.722812900654357	-5.58288191327144	2.36565375973054e-08	1.49655119980144e-07
"S100P"	2285.85358601176	-1.40644414611272	0.0759071015530592	-18.5284922930382	1.21647918048257e-76	1.51126564395985e-74
"ABLIM2"	41.5469964894767	-1.80764052941003	0.291913407273653	-6.19238611303476	5.92601660881041e-10	4.47119504447994e-09
"GASK1B"	12.2494399420421	5.25054529562284	0.783175086948274	6.70417813733345	2.02543058763513e-11	1.79510948329704e-10
"F2RL1"	58.5707245205528	1.66112728027006	0.226671444812637	7.32834822508463	2.33006640749862e-13	2.47447214432297e-12
"EBF1"	68.9754954871044	-2.59963255795435	0.445700122306518	-5.83269428893386	5.45394403656358e-09	3.68825844725095e-08
"IL31RA"	64.5888581458613	2.65900445019946	0.278594634726752	9.54434909634003	1.36964971155502e-21	2.46417253348557e-20
"RAET1E"	779.987686261925	-1.04152649255441	0.0793478094559664	-13.1260900546019	2.33399929651667e-39	9.83487247429877e-38
"DLC1"	22.4748393788115	1.97081384885839	0.365655180709757	5.38981519428478	7.05301754418025e-08	4.19311203915766e-07
"MAMDC2"	2120.08977893712	-1.17432177642126	0.0538276666220493	-21.8163232797505	1.62403549090542e-105	3.83671728843247e-103
"DEPP1"	19.2634139964967	-2.03342315287585	0.488747498366418	-4.1604778738967	3.17582384866431e-05	0.0001285945419587
"TMEM63C"	6.36076102748567	-2.05327031779894	0.877597173048208	-2.3396501046912	0.0193018134855553	0.0425448813307338
"ZNF503"	415.735636674836	-1.86198724045191	0.100330634199943	-18.5585116181092	6.9606500675193e-77	8.79911650201936e-75
"NDRG2"	85.1456810315046	-1.87009016549415	0.250735500844561	-7.45841797110924	8.75675087070299e-14	9.69973380458883e-13
"HSPA12A"	1019.46231941164	-1.42580526520548	0.0659461554661689	-21.6207488537665	1.14602721395105e-103	2.62149177464262e-101
"LARGE2"	10.1874888997521	1.78242373558691	0.578967626182238	3.07862418377408	0.00207958837075424	0.00582486841806402
"CLMN"	379.098599669715	-1.97197051186183	0.106981708180534	-18.4327820652676	7.1699295373938e-76	8.53932682342001e-74
"DPCD"	614.562472350371	-1.03370279247935	0.0757843740628633	-13.6400518611118	2.31395971632553e-42	1.09332699908089e-40
"GABRB3"	2.43610436856276	-4.82216847458287	1.5281711755857	-3.15551592100582	0.00160214521987658	0.00459747406683421
"SYNPO2L"	6.50323227427585	-4.00727173774596	1.3077643110675	-3.06421555002898	0.00218241603985663	0.00608332641206458
"WDR72"	4.97869983274959	-3.51129099211279	1.2206032820132	-2.87668486874904	0.00401876713817499	0.0105012607848123
"PRKCB"	175.120946766282	-2.39295827600198	0.191687219465429	-12.4836610530185	9.16725351927511e-36	3.31100978612215e-34
"GREM1"	3.97833798894353	4.22921254243572	1.27755516439705	3.31039524577533	0.00093164316528318	0.00281879270520594
"SGSM1"	18.0234735502192	-1.27932494166932	0.417054931064194	-3.06752143753554	0.00215841978159518	0.00602226282140718
"OR51B5"	3.84830549242075	2.63378169948159	0.905762086824524	2.90780740085431	0.0036397242540678	0.00961012572835673
"PSCA"	404.649186446161	-1.58988355937092	0.131630424368077	-12.078389680832	1.37383936164192e-33	4.43910292390621e-32
"RCOR2"	56.7468901860252	-1.89075182856955	0.282996439103491	-6.68118593491599	2.37016274754012e-11	2.08655529418006e-10
"ANGPTL4"	265.100190032111	-1.4000125658012	0.157805123084396	-8.87178146334613	7.19849402457402e-19	1.13374314085395e-17
"RAB26"	2111.46804206165	-1.06166550289502	0.106010157605535	-10.0147526130986	1.31289958319492e-23	2.66481632301719e-22
"SCARA5"	119.673861570362	-1.35844401431168	0.193615589220032	-7.01619130868588	2.27997825263129e-12	2.21108792723213e-11
"PPDPFL"	911.649511158729	-1.31824366025502	0.0852111761828492	-15.4703140985436	5.50378478822044e-54	3.88799228348259e-52
"PHYHIP"	398.480576614767	-1.32965520895885	0.108285503821574	-12.2791616793857	1.17206439796108e-34	4.04081819115242e-33
"COL3A1"	186.427757379465	4.53446120640988	0.173469099446322	26.139878634771	1.28457102091147e-150	8.41452408288875e-148
"AXIN2"	12.0010493034569	1.18665350327395	0.457201037612101	2.59547421298884	0.00944604908410669	0.0225787051502839
"NPNT"	16.5187835832084	1.03663502496051	0.42390855631515	2.44542132853256	0.0144683010016778	0.03301705237295
"FAM178B"	2.63937519278976	-4.1199959480137	1.58704239114079	-2.59602136087379	0.00943102019101382	0.0225502624809524
"SLC49A3"	147.813602151829	-1.4323000881777	0.157520332693562	-9.09279496612088	9.65251633571172e-20	1.59156078848903e-18
"HSPB3"	31.1976650099787	1.13439585200772	0.296510345209252	3.82582216889316	0.000130336355447314	0.000471573491928505
"APLF"	82.7424150199858	1.25199771650153	0.190518255607184	6.57153674072541	4.97985946579272e-11	4.21649557940887e-10
"ITGAM"	24.4203870127928	1.14789565124602	0.447180625008931	2.56696195463097	0.0102593868150283	0.0243171091104231
"SIMC1"	27.0118264127736	2.23443748427742	0.335065078063493	6.66866716517082	2.58136916485744e-11	2.26415770144617e-10
"RNF150"	1597.19970178439	1.02658626510873	0.0539078808152997	19.0433430063045	7.46099234715886e-81	1.03384962225871e-78
"PSG6"	3.15455394529498	-4.34603591298781	1.43583843634916	-3.02682795150565	0.00247134576961992	0.00680203094267188
"NRTN"	79.6365540930938	-1.20160172429762	0.212182328798467	-5.66306219326548	1.48695234931785e-08	9.62644667835562e-08
"KRT19"	5.79892088313627	-2.51856828644896	1.04996978155381	-2.39870549676375	0.0164531415758989	0.0369151834423601
"KCND3"	20.2858400054222	1.81916860929576	0.374634583737483	4.85584804036805	1.19872605444758e-06	6.12148872099367e-06
"COL24A1"	4.0083975466526	5.30743858042195	1.39048659147614	3.81696494806726	0.000135103354919066	0.000487596906521076
"FGG"	1.21317180685717	-4.8128285148867	1.89146887138528	-2.544492583355	0.0109436635756738	0.0257190371475921
"PIK3CD"	752.9048308127	-1.68387999312658	0.0914724200762806	-18.4086087557579	1.12064518049935e-75	1.3129770484696e-73
"VAT1L"	22.9740956465497	-7.27338109554327	1.21913678167325	-5.96600906877786	2.43126777061254e-09	1.71834231693464e-08
"LGALS4"	13.9699037880232	1.0779999389686	0.452928082361479	2.38006867083206	0.0173094120236472	0.0385840582633844
"KNDC1"	24.2078586453977	-1.7221579658571	0.543289173596438	-3.16987352141926	0.00152505304768251	0.00439550789403053
"LRRC15"	40.6658126380357	-1.47499636006383	0.342961955623027	-4.30075795836988	1.70214898899863e-05	7.24443859434707e-05
"SLFN12"	238.28953358824	1.47253168453574	0.107553968318381	13.6910958057518	1.14765321226759e-42	5.47643392118816e-41
"CSDC2"	203.333841833978	-1.73815201867681	0.180543820825855	-9.62731380518066	6.13112526213859e-22	1.12986759786035e-20
"ARNT2"	201.647164299456	-2.79656561684006	0.207488902007275	-13.4781455286799	2.10327044786146e-41	9.58281261595751e-40
"SYNPO2"	16.3926992426651	-1.33355576868068	0.468442087372801	-2.84678897269833	0.00441626269348382	0.0114362554673487
"RND1"	18.7808489820632	-2.14625480773318	0.482114429592276	-4.4517539322527	8.51717342746895e-06	3.792984742375e-05
"LRRC20"	212.324166745304	-1.36715098636567	0.142209510934837	-9.61363960383866	7.00288931931046e-22	1.28069337538811e-20
"MYEOV"	22.9038427127236	-1.66417257457999	0.398661335490657	-4.17440174510977	2.98770127013398e-05	0.000121523463177817
"SH3RF3"	791.76163013547	-1.32355212262411	0.0767796974530632	-17.2383086483666	1.36986302954526e-66	1.35212987114909e-64
"MAB21L3"	172.363269007913	-1.00680955795152	0.149323277820486	-6.74248230180085	1.55703214012948e-11	1.3933853566121e-10
"SNCG"	3776.24723976649	-1.1564690150891	0.0488639513326255	-23.6671203115935	7.86642818843536e-124	3.23894561781549e-121
"MMRN2"	1143.87958194834	-1.08215088876292	0.0658520650504125	-16.4330592812007	1.10919112435403e-60	9.1340304531805e-59
"SAA1"	4.53582794466776	2.03855041843218	0.850932355474311	2.39566682982208	0.0165901625370089	0.0371936577972675
"TRAPPC3L"	16.3381405538951	-3.80696599286066	0.686668206062635	-5.54411280331422	2.95448330310098e-08	1.84236516144475e-07
"GPR160"	11.8898084944499	1.13280403432622	0.474984430862523	2.38492876970549	0.0170824285447404	0.0381429931450656
"STARD6"	4.20690719555128	2.14365285059029	0.93724361418404	2.2871885368422	0.0221848208203317	0.0479894105136296
"GALNTL6"	82.6393201975873	-1.48545113174265	0.200017889050617	-7.42659138536722	1.11431918367488e-13	1.21747185412727e-12
"BRSK2"	114.869267717564	1.04585071380572	0.158514378328718	6.5978286943592	4.17222944280134e-11	3.56736560423609e-10
"FGFBP3"	53.6621985448906	-3.07558007157007	0.31880647325114	-9.64716945740084	5.0531227937639e-22	9.34795283452266e-21
"PDZK1"	162.390694592849	1.54794082839211	0.131419791783198	11.778597480551	5.03234325242098e-32	1.51085622105497e-30
"ADGRE1"	4.00167128768572	-3.05856964940098	1.12452919797806	-2.71986681617551	0.00653082146411662	0.0161683413844539
"AMZ1"	43.804825925276	-2.80350127595885	0.464751854354721	-6.03225409364174	1.61688275197674e-09	1.16679505952613e-08
"ZG16"	14.4999684620701	1.21600054621369	0.456433600894322	2.66413459445382	0.00771866726918405	0.0188053616257331
"DES"	71.836686546421	-1.21653296684012	0.230533639178459	-5.27703016000363	1.31294284256232e-07	7.54719557405888e-07
"LPL"	1637.53663050269	-1.29869050841747	0.0554016133128809	-23.4413842983796	1.61840538203814e-121	5.68849755135405e-119
"SUGCT"	21.4650838604066	1.4172055524253	0.371052127283991	3.8194244102544	0.000133763441837138	0.000483002996821597
"CCDC168"	25.0035019815651	1.05988977234035	0.325788433528386	3.25330694175181	0.00114070207943553	0.00337826914647461
"KLHL38"	10.3835511444289	-2.96812507009693	0.819669231294729	-3.62112539640966	0.000293324291723498	0.000988794472053176
"TRIM72"	8.40425261756357	-2.30552591397046	0.723724161177071	-3.18564176470319	0.00144433321051248	0.00417873637757386
"RPRM"	425.470588508966	-2.52714664509092	0.11160975507578	-22.6427039766825	1.6462890924671e-113	4.84176981868233e-111
"SAMD12"	81.976716572242	1.17213539266077	0.203558061315377	5.75823617638389	8.49973794070613e-09	5.61621840731389e-08
"PGBD5"	152.480959226149	-1.2383734304732	0.230425287876927	-5.37429481756635	7.68829752049341e-08	4.54641180007512e-07
"SRRM3"	13.0112838912407	-2.22285557605664	0.652275379613908	-3.40784834983713	0.000654772733307335	0.0020424090605394
"LCN15"	11.2299632137331	-1.74059003638256	0.546426682772428	-3.18540454055292	0.00144551784617172	0.00418132430372957
"ADAMTSL1"	157.643049601449	-2.73269853505367	0.329209938152454	-8.30077776627808	1.03432011911485e-16	1.43599106325281e-15
"SPINK6"	53.4254635104735	-5.27907295713795	0.681109945865239	-7.75069133725796	9.13935942611064e-15	1.1021532107923e-13
"GLDC"	27.3779666475184	-1.06050224350157	0.335141508264164	-3.16434168060636	0.00155434201198914	0.00447366142096574
"PARP10"	794.227452780856	-1.16884330694708	0.0757929422676409	-15.4215322954431	1.17288108392914e-53	8.24506795146481e-52
"EFCAB13"	124.893276666185	1.04475483726458	0.176402409418915	5.92256557439377	3.16957352448382e-09	2.21087725369488e-08
"B3GNT3"	46.6260014218636	-3.78122806921829	0.592770459917168	-6.37890773056853	1.78355447987842e-10	1.4255576045218e-09
"TDRD6"	12.0497634757331	2.18344394173796	0.560408541492206	3.89616463718429	9.77279695818455e-05	0.000362231936636825
"RNF182"	140.103013941671	-2.32230588340976	0.151772304579902	-15.3012493935424	7.50028560353048e-53	5.19647191502297e-51
"SLC47A2"	6.09463157196675	1.59418712022036	0.68709988515344	2.32016793288264	0.0203317945762846	0.044502049155352
"RPH3AL"	20.4707008607056	-1.03541394460089	0.380722071066663	-2.71960577882965	0.00653597864137164	0.0161782872210249
"TLCD5"	51.2790062510703	4.26422697699622	0.345633011169347	12.3374412720864	5.69366688446151e-35	1.98671751748123e-33
"AATK"	518.712092409056	-1.12524689014199	0.100892230818073	-11.152958766181	6.92641999422772e-29	1.81155423841771e-27
"CLDN7"	181.340121539035	-2.65543930927175	0.184046223611227	-14.4281108146017	3.44385452667056e-47	1.91739678323394e-45
"CHST15"	777.4663314796	-10.3735340169116	1.02168681392172	-10.1533404126975	3.20211593391333e-24	6.74644630462354e-23
"TDRKH"	66.4012362635633	-1.36393534585213	0.22470206883795	-6.06997235453033	1.27932270771372e-09	9.34904642031562e-09
"C1S"	2417.40595670158	-1.29306393340125	0.0473127595896171	-27.3301313349099	1.86041643087546e-164	1.48947006585257e-161
"EPHB3"	11.0598318585366	1.80761138390989	0.564631423956733	3.20140060792721	0.00136761247599592	0.00397031897493498
"EPGN"	657.586947276507	-1.10483999590626	0.0877142221877293	-12.5959048413112	2.22394869865148e-36	8.30293385913641e-35
"ADGRG3"	79.3526069808355	-2.01736451333322	0.263225820422321	-7.66400693555269	1.802201557882e-14	2.12185675250307e-13
"RGS7"	13.5737319023537	1.49783833135431	0.519216609887474	2.88480434337207	0.00391656989701881	0.010263991414064
"CALHM3"	31.4503078794387	-1.76743073609525	0.488381251600287	-3.61895697327422	0.000295792808427631	0.000996183725695393
"OR51B4"	4.67540653078957	3.82690792124012	1.00550007702724	3.80597476685867	0.000141246783720689	0.000508156717233514
"BOLA2"	6.09045669417518	1.73450248458322	0.712644351575761	2.43389634780375	0.0149372718574594	0.0339440891780447
"GKN2"	15.3077965159882	-2.57561538534424	0.55678525478927	-4.62586852505469	3.73031883851597e-06	1.76139006493623e-05
"FAM167B"	113.347720859	-1.3864582698227	0.187047339095957	-7.41233891122845	1.24091142732367e-13	1.35168364165997e-12
"RP1L1"	45.6383385600636	-1.59709149421269	0.33321042421655	-4.79304180824415	1.64271374193912e-06	8.22269806706656e-06
"TAFA1"	3.28574290999462	2.96077478500576	1.04147599399646	2.84286416784737	0.00447101207115738	0.0115705597371223
"OLFML1"	507.760288891907	2.81896487142447	0.081705450970855	34.501552074292	7.60288297073218e-261	1.82608577485369e-257
"ARSI"	60.7808735204396	-1.25152690603568	0.255523826111726	-4.89788731281937	9.68725594449386e-07	5.0019005881799e-06
"PROS1"	203.904405209758	-2.2702380801074	0.1547764582973	-14.6678513327049	1.03573201626893e-48	6.16774135803781e-47
"SOCS3"	1708.82025772649	-1.16230593824272	0.0628412884619164	-18.495896037318	2.22807872123909e-76	2.7210883433709e-74
"RNLS"	8.55128009022116	-1.88143329596821	0.70030859178509	-2.68657748603715	0.00721882024192633	0.0177037068341736
"CLCNKB"	6.07786056498014	-3.14210800227058	1.36894230043572	-2.29528154785667	0.0217169943834074	0.0470976081353325
"OR6A2"	11.4529143962773	2.28654911600434	0.538209912788972	4.24843367182812	2.15270362403959e-05	8.98164792299785e-05
"ROBO2"	2.68779577145172	3.35967928288208	1.38767973465089	2.42107685151667	0.0154746053830428	0.0350085617229246
"MAGEA11"	4.33600244407758	-2.51450311683489	0.938470998455488	-2.67936155829343	0.00737626984315856	0.0180597051834451
"MUC1"	686.105710505226	-1.13812650712428	0.0874144696582855	-13.0198868856995	9.43105094390794e-39	3.8831678615045e-37
"SV2B"	24.2094875690842	-4.61192114403163	0.707136888934597	-6.52196373318912	6.93927963066477e-11	5.77378514766224e-10
"FAM131C"	330.628800395285	-1.53896653721801	0.117576793121849	-13.0890331021627	3.80419601319928e-39	1.59367060308764e-37
"NDUFA4L2"	28.4080542831651	-1.19307643036726	0.49969112077499	-2.38762783800696	0.016957503999189	0.0379051636625271
"DNAH14"	206.287936955421	1.08078149450053	0.129856788811746	8.32287248429763	8.58567969346032e-17	1.19544183635224e-15
"IFITM1"	282.967351660069	-1.23140240694535	0.118093304617651	-10.4273685195977	1.85967227168336e-25	4.18745892300451e-24
"LRRC70"	20.0064286427765	1.21538874943555	0.483147493061236	2.51556463997115	0.0118841882390153	0.0276766381241839
"SLC51B"	7.05226954344589	2.65049693908616	0.778074799189201	3.406480895986	0.000658061556724808	0.00205222356502082
"KRT16"	94.2252674439623	-1.66684832348985	0.305551675522439	-5.45520923961499	4.89152112801598e-08	2.97810354777517e-07
"KRT14"	6.07823108236539	-2.29105286550422	0.885889152758495	-2.58616200274075	0.00970513035533069	0.0231480691080223
"PDZD7"	172.816624576465	-1.28946291871994	0.170977643572491	-7.54170482045061	4.6386678854195e-14	5.30117707349567e-13
"TMEM232"	18.8600551766764	1.25289409985361	0.447712106988301	2.79843694261847	0.00513505948802112	0.0131045408680489
"BCAM"	20.6839839791296	-1.33238968618462	0.420825489508978	-3.16613351472426	0.00154479870232614	0.00444885973205877
"CDHR4"	100.154657887753	-1.00476024996915	0.237551573085059	-4.22965100554976	2.34054126956119e-05	9.68682947606156e-05
"ISG15"	945.924073102015	-1.03901929767147	0.0646556848086775	-16.0700377816124	4.13834054609273e-58	3.18917784009317e-56
"SPRY4"	6.88402617570605	-2.52838389635653	0.77220072214373	-3.27425735803173	0.00105940078034746	0.00315760592463025
"DMBT1"	31.5849650404743	-2.79258983603883	0.626089548827997	-4.46036807556746	8.18190110861048e-06	3.65364781998729e-05
"COL14A1"	5.68087253729853	2.54415092853755	0.766562626934035	3.31890812197981	0.000903701581032243	0.00274231279938001
"DNER"	1926.20187122848	-1.0448925044021	0.0538336092265558	-19.409668410021	6.39383506927865e-84	1.00153866503668e-81
"ARL4C"	24.970406470954	2.05827879172605	0.368822895789543	5.58066978819163	2.39594135840937e-08	1.51438205772094e-07
"ZNF626"	1.14426440431426	-4.81077439124518	2.02564334684526	-2.37493653497171	0.0175519677876065	0.0390763800072914
"POTEE"	14.4883105285425	-1.70496903839469	0.54813769888434	-3.11047578348455	0.00186786210932246	0.00528732289480376
"SBK1"	16.0439635560325	1.13744064756891	0.4070597217296	2.79428444243001	0.00520147049912188	0.0132528980485936
"NCCRP1"	160.238430450319	-2.89471087742368	0.216183024713343	-13.3900933306954	6.90938702402137e-41	3.08269895985053e-39
"ASAH2"	13.4726355364693	-1.937333484277	0.519434041845944	-3.72970065148633	0.000191707391259075	0.000669906696274136
"C9orf152"	64.5843028116151	-1.52789784799277	0.266885629148923	-5.72491614803356	1.03484840898494e-08	6.80036498945827e-08
"ANKDD1B"	8.16480763106734	1.50624105736118	0.616231180152307	2.44427920214764	0.0145141892731903	0.0331009622932052
"GJB5"	29.0301132839983	-2.31051873309053	0.461424910560435	-5.0073558670342	5.51828450247206e-07	2.93663212574316e-06
"ZNF676"	1.56160541166829	-5.28959862958336	1.80893354576548	-2.92415309670481	0.00345394825216788	0.00917339628860879
"LAMA2"	60.945542488922	1.01185601653449	0.208034169499102	4.86389336410841	1.15098939689449e-06	5.89232973308933e-06
"POTEF"	86.4860501363151	-6.04297811602436	0.852564890538163	-7.0879978557525	1.36066078843031e-12	1.34766203588104e-11
"HSH2D"	8.83235575906694	-1.73973237716193	0.715992231766329	-2.42982018515768	0.0151063153496445	0.0342938107283753
"SCN8A"	118.119373840178	-1.62991546000806	0.399628129872141	-4.0785804055624	4.53115315297829e-05	0.00017875293755152
"VEPH1"	383.394823671542	1.07302658380109	0.0915034438658098	11.7266251243472	9.30970127556298e-32	2.74922346479791e-30
"OGDHL"	216.955867193359	-1.65353638446341	0.129138819596157	-12.8043324976513	1.5505335233834e-37	6.03911854202112e-36
"COL13A1"	16.4705150468991	-4.44196809277395	0.836582626775785	-5.30965854489883	1.09830806086928e-07	6.3718669344554e-07
"SLC28A3"	15.6468433872034	1.31131989899755	0.440551229728686	2.97654349939081	0.00291517723489563	0.00787600658644187
"HOXA4"	4.5896071262494	2.23038447758014	0.894023514381526	2.49477160466309	0.0126038227028997	0.0292156488614262
"MFAP5"	603.858428222273	-5.24625177082962	0.238147866229688	-22.0293881019691	1.50593812286652e-107	3.87537040868382e-105
"PDCD1LG2"	12.9779165273583	-1.38144958453773	0.583444256130281	-2.36774905232636	0.0178966702258147	0.0397578101779274
"CFAP43"	10.3945575309101	-2.02572030130007	0.621131859546048	-3.26133697727333	0.00110888174530329	0.00329418570017846
"SIRPA"	17.6762233654394	-1.69578787769912	0.39757845859762	-4.26529114198157	1.99641695577481e-05	8.39030759687103e-05
"NPIPB13"	63.4841444724505	2.36974294643001	0.55224942535319	4.29107363020694	1.77811340274109e-05	7.54990932436707e-05
"TMEM239"	3.80504015442725	-4.35544886715877	1.45443152697318	-2.99460564927585	0.00274799870072952	0.00746914546891986
"ITGBL1"	80.0633575448409	-2.25374597388346	0.283037101840838	-7.96272276399587	1.68294251199882e-15	2.15007841670346e-14
"ARC"	73.100541397641	-1.02438530493716	0.313853388472489	-3.26389754758679	0.00109890895043034	0.00326860204017579
"RYR2"	1223.43413950562	1.93869539878324	0.056859980279617	34.0959562287823	8.46766374869716e-255	1.74325003260678e-251
"FAM169A"	11.1129271864392	1.99579915651418	0.492590191091344	4.05164210049015	5.08594221784875e-05	0.000198673982255424
"GJC2"	116.292545053424	-2.46260492167274	0.247694275966159	-9.94211477866041	2.72969549786092e-23	5.43337594194389e-22
"RYR3"	13.9989993179498	1.71904111666649	0.57124093275441	3.00931011434635	0.00261841697925435	0.00715427090499549
"RASGEF1A"	31.9151748975454	-3.33512731466177	0.506056804808225	-6.59042084401107	4.38581582786754e-11	3.73546051391247e-10
"L3MBTL3"	151.630901691968	1.1071313169588	0.148467930994495	7.45704011326087	8.84877704554634e-14	9.78662517293693e-13
"MFAP3L"	339.320878950483	1.08538815582394	0.0906212975648778	11.9771862132838	4.67937619176267e-33	1.46625036187924e-31
"TGM2"	50.3715395681521	-2.57402432983968	0.352702199631524	-7.29801042502378	2.92054014709698e-13	3.08562346479579e-12
"FANK1"	198.021974900122	-1.09579687193736	0.158988297699129	-6.89231149585016	5.48930073573383e-12	5.13344016240495e-11
"OOEP"	4.74730734219249	-3.93985297180095	1.10172401301059	-3.57607978520394	0.000348785242986256	0.00115574709971831
"SAMD13"	45.9401092863319	1.21924781182061	0.281676001613404	4.32854700023046	1.50096303854213e-05	6.43952913022644e-05
"COL15A1"	709.90849595934	-1.12054024946034	0.0788509352365324	-14.2108682173396	7.84468508016557e-46	4.17157773764819e-44
"POU5F1"	11.886727071702	-4.62377805054933	1.12111081352198	-4.12428280485824	3.71891731763982e-05	0.000148737047637279
"DISP3"	12.5368767099267	1.22840511988584	0.507813770430875	2.41900710735661	0.0155629361256186	0.0351697463550713
"PSG5"	24.7658664132596	-1.03250297129064	0.445537591066775	-2.31743177678556	0.0204802230167056	0.0447861143996578
"PCDHGA1"	6.09119006484595	-2.00000976938156	0.845281474690331	-2.36608730850781	0.0179772043633713	0.0399182576395292
"C11orf91"	25.0872200516136	-1.10158664990744	0.361674789252649	-3.04579330006308	0.00232067312810501	0.00642397626759918
"MUC12"	4.63385778788284	-4.62788400654595	1.21813980537454	-3.79914028433134	0.000145198891343481	0.000520512742077338
"CFI"	229.967170254547	-1.07428418581682	0.121808417630139	-8.81945769198638	1.15015395293357e-18	1.79770809281189e-17
"KRT81"	27.0302943182387	-1.47899661553161	0.3972102537645	-3.72346031230223	0.000196510764022998	0.000685196375595314
"SERPINB4"	3.12390630609101	-5.38811940144964	1.56262237738158	-3.44812635441601	0.000564489895842644	0.00178827520092072
"TAS2R13"	73.4008236192115	1.32819513614873	0.276456467270149	4.80435545336993	1.5525081034251e-06	7.7928228068475e-06
"LINGO4"	10.5249476718414	-1.72645033949816	0.601226750979801	-2.8715461124852	0.00408469183058275	0.0106597762104335
"PVRIG"	75.1780392228669	1.01433702049194	0.209399485335288	4.8440282404123	1.27232836430558e-06	6.47669518121079e-06
"HBE1"	10.2800416268047	2.64148394110508	0.554170313901928	4.76655619191567	1.87401481516653e-06	9.26782000733182e-06
"ITGA1"	8505.30460688415	-1.00629721681501	0.0299404328891062	-33.6099755318217	1.19936564003563e-247	1.92045091539483e-244
"FBXO16"	25.5108692217687	-7.51749423647221	1.2102243011731	-6.21165368203673	5.24298787060224e-10	3.97666832648678e-09
"PRCD"	13.8325964792825	-1.21988219866068	0.488373726166683	-2.49784567289423	0.0124950577218462	0.0289775147778444
"SCART1"	102.676362419382	-1.38913354944296	0.222766952768014	-6.23581519692275	4.49431424935753e-10	3.4341231520409e-09
"NEURL1B"	305.510309873335	1.46823989429907	0.102704809921783	14.2957267085859	2.32664315459291e-46	1.27004751897116e-44
"C1orf167"	23.3567979284376	-1.7015249179379	0.466519005055302	-3.64727888789053	0.000265032211973249	0.000899735973320729
"SLC12A8"	379.643385959834	-1.21771311824781	0.129713868525567	-9.3876863907408	6.13326351226279e-21	1.07005400091064e-19
"C4B"	20.4655371934821	-3.00498755951379	0.635399221789939	-4.72929058844084	2.2530571235887e-06	1.10026452755123e-05
"TAS2R46"	67.7033923891013	1.42714513536157	0.471683158391041	3.02564361261002	0.0024810454954847	0.00682595392047156
"KLLN"	91.3388536189214	-1.09772543070293	0.213326669156685	-5.14574870100589	2.66455927157417e-07	1.47250853172001e-06
"PSG1"	25.9173171789807	-1.67644944242445	0.390766576960162	-4.29015566138187	1.78547926306572e-05	7.57672015902241e-05
"SHISA8"	13.4621565446143	-1.84445033343816	0.788524760581839	-2.33911530194331	0.019329466948652	0.042599319192082
"FBXW10B"	13.0715859517159	1.32262593908075	0.489076786884003	2.70433186475162	0.00684418965648659	0.0168572239172156
"PSG2"	3.93549433666907	-2.67748428056648	1.15422974734519	-2.31971519251249	0.0203562894310143	0.0445488970372585
"C4A"	17.0128419984236	-1.10864924660549	0.478764427077393	-2.3156466602442	0.0205775689768803	0.0449580573871774
"POU5F2"	129.070656576563	1.26296965609798	0.409203954716121	3.08640628112733	0.00202591799512315	0.00568780522651854
"C4orf54"	15.7874447196296	1.0550422362285	0.427151431669812	2.46994896424471	0.0135132329539259	0.0310836712049522
"FMN1"	32.9889022583986	1.87141763606847	0.333906255919001	5.60461986828552	2.0871250927215e-08	1.32910118034509e-07
"GPR162"	5.29870511913479	-3.95874892618765	1.16842272805483	-3.38811359205423	0.000703751121967099	0.00217821250400942
"EID3"	705.906794932659	1.29628477404831	0.276272183965492	4.6920567805343	2.70472032136043e-06	1.30753856260064e-05
"TAS2R20"	71.8172061359691	1.05006056500857	0.252130345918404	4.16475280348997	3.11690088154375e-05	0.000126421780478263
"TAS2R30"	172.259199507892	1.10798460787162	0.372101870431428	2.97763783500198	0.00290479000320653	0.00784941472645966
"ZNF253"	18.6854599323893	-3.54569231196982	0.566932686979876	-6.25416807568141	3.99640441979342e-10	3.07814987138658e-09
"SPECC1L-ADORA2A"	7.17352521735231	2.29587342845024	0.842748517075062	2.72426872540644	0.00644440476017269	0.0159763146394028
"CCDC187"	15.603513441152	-2.22990612852039	0.679674569238146	-3.28084384710747	0.00103497026448088	0.00309118269045263
"PECAM1"	105.377029141248	-1.20985517876478	0.204425421135209	-5.91832058873231	3.25245531252363e-09	2.26430596660763e-08
"MMP12"	102.770301341739	-2.87891861234339	0.776923968353428	-3.70553455628974	0.00021094536584891	0.000730753285396307
"NPY4R2"	1405.3238583291	-1.16868499421326	0.0611757077110629	-19.1037429388319	2.35019476736949e-81	3.32045654829036e-79
"ZNF488"	256.184396327856	-1.13532749155039	0.122680899745762	-9.25431337643584	2.15611706135274e-20	3.67713644629045e-19
"TXNIP"	1066.27760733472	-1.06041169157342	0.0931859758961389	-11.3795201625115	5.28899324629867e-30	1.46014715847529e-28
"KLF14"	5.82806787213267	1.85765483683884	0.667707760912745	2.78213755415911	0.00540021464802133	0.0136818729417432
"CCDC177"	93.1666802403948	-3.04177184509016	0.374946224393096	-8.11255494041498	4.9566348880419e-16	6.51140067197555e-15
"ZNF559-ZNF177"	5.74841811672675	2.06050496080312	0.743519765886808	2.77128471271443	0.0055835581453034	0.0140844838844683
"GAS2L2"	23.0353743538903	-1.34305990125917	0.387299802249938	-3.46775261298081	0.000524830200818828	0.00167887414517206
"RASL10B"	96.8900091143397	-4.79460947941773	0.389311909108594	-12.3155993105783	7.46584950994214e-35	2.58630666557154e-33
"CCL5"	220.864946112934	-1.2392343184834	0.124343745619129	-9.96619743367906	2.14276003957736e-23	4.28284534401517e-22
"MILR1"	63.0524999888675	-3.97608769811194	0.347234959044339	-11.450712534979	2.33220518759087e-30	6.55154170728499e-29
"RAB7B"	22.502604512107	2.94028781039048	0.484070857188276	6.07408557389538	1.24696222783984e-09	9.12644624956824e-09
"H4C4"	13.8634875407658	1.31152458674828	0.47848004772561	2.74102252117394	0.00612483092066736	0.0152760364135925
"SENP3-EIF4A1"	8.04261864633683	2.84956388062025	0.723043439943421	3.94106871482471	8.11193820711825e-05	0.000305063351931929
"KLF18"	5.38700011659101	-2.35979090243876	0.935442809272913	-2.52264583045214	0.011647564437872	0.0271870831088715
